,Title,Genre,Rating,Voting,Duration
0,1. Anora,Comedy,7.5, (175K),2h 19m
1,2. Moana 2,Comedy,6.6, (98K),1h 40m
2,3. A Real Pain,Comedy,7.1, (85K),1h 30m
3,4. Sonic the Hedgehog 3,Comedy,6.9, (57K),1h 50m
4,5. Y2K,Comedy,4.8, (12K),1h 31m
5,6. Deadpool & Wolverine,Comedy,7.6, (487K),2h 8m
6,7. The Ministry of Ungentlemanly Warfare,Comedy,6.8, (134K),2h 2m
7,8. Freaky Tales,Comedy,7.2, (813),1h 46m
8,9. The Day the Earth Blew Up: A Looney Tunes Movie,Comedy,7.0, (3.7K),1h 31m
9,10. Riff Raff,Comedy,5.7, (2.7K),1h 43m
10,11. Fight or Flight,Comedy,6.4, (5.9K),1h 37m
11,12. Emilia Pérez,Comedy,5.4, (87K),2h 12m
12,13. Borderlands,Comedy,4.7, (47K),1h 41m
13,14. Paddington in Peru,Comedy,6.7, (19K),1h 46m
14,15. Sacramento,Comedy,5.7, (539),1h 29m
15,16. The Fall Guy,Comedy,6.8, (219K),2h 6m
16,17. Saturday Night,Comedy,6.9, (30K),1h 49m
17,18. Beetlejuice Beetlejuice,Comedy,6.7, (146K),1h 45m
18,19. Despicable Me 4,Comedy,6.2, (64K),1h 34m
19,20. Challengers,Comedy,7.0, (153K),2h 11m
20,21. Inside Out 2,Comedy,7.5, (215K),1h 36m
21,22. Kinds of Kindness,Comedy,6.5, (59K),2h 44m
22,23. A Different Man,Comedy,6.9, (28K),1h 52m
23,24. Bad Boys: Ride or Die,Comedy,6.5, (99K),1h 55m
24,25. The Idea of You,Comedy,6.3, (73K),1h 55m
25,26. My Old Ass,Comedy,6.9, (38K),1h 29m
26,27. Argylle,Comedy,5.6, (92K),2h 19m
27,28. It's What's Inside,Comedy,6.6, (42K),1h 43m
28,29. Dead Talents Society,Comedy,7.0, (1.7K),1h 51m
29,30. IF,Comedy,6.4, (58K),1h 44m
30,31. A Nice Indian Boy,Comedy,7.9, (325),1h 36m
31,32. Ricky Stanicky,Comedy,6.2, (56K),1h 53m
32,33. Ghostbusters: Frozen Empire,Comedy,6.1, (93K),1h 55m
33,34. Red One,Comedy,6.3, (139K),2h 3m
34,35. Fly Me to the Moon,Comedy,6.6, (49K),2h 12m
35,36. Friendship,Comedy,7.4, (257),1h 40m
36,37. Nightbitch,Comedy,5.5, (19K),1h 39m
37,38. Bob Trevino Likes It,Comedy,8.0, (699),1h 41m
38,39. The Killer's Game,Comedy,5.8, (17K),1h 44m
39,40. Snack Shack,Comedy,7.0, (12K),1h 52m
40,41. My Dead Friend Zoe,Comedy,6.6, (2K),1h 43m
41,42. Old Guy,Comedy,5.2, (2.2K),1h 34m
42,43. Kneecap,Comedy,7.6, (17K),1h 45m
43,44. F*** Marry Kill,Comedy,5.3, (2.3K),1h 37m
44,45. Miller's Girl,Comedy,5.2, (23K),1h 33m
45,46. The Union,Comedy,5.4, (53K),1h 47m
46,47. Kung Fu Panda 4,Comedy,6.3, (67K),1h 34m
47,48. Chosen Family,Comedy,4.7, (360),1h 28m
48,49. Mean Girls,Comedy,5.5, (37K),1h 52m
49,50. Thelma,Comedy,7.0, (22K),1h 38m
50,51. A Family Affair,Comedy,5.4, (36K),1h 51m
51,52. Misericordia,Comedy,6.9, (1.9K),1h 44m
52,53. Spermageddon,Comedy,5.8, (755),1h 20m
53,54. Lift,Comedy,5.5, (49K),1h 47m
54,55. Upgraded,Comedy,6.1, (29K),1h 44m
55,56. Holy Cow,Comedy,7.2, (1.4K),1h 32m
56,57. Beverly Hills Cop: Axel F,Comedy,6.4, (81K),1h 58m
57,58. The Instigators,Comedy,6.2, (37K),1h 41m
58,59. Distant,Comedy,5.7, (3.1K),1h 27m
59,60. The Garfield Movie,Comedy,5.7, (24K),1h 41m
60,61. The Marching Band,Comedy,7.4, (2.6K),1h 43m
61,62. Mittran Da Challeya Truck Ni,Comedy,8.1, (866),2h 11m
62,63. Spellbound,Comedy,5.6, (7.2K),1h 49m
63,64. Incoming,Comedy,5.8, (14K),1h 31m
64,65. Drive-Away Dolls,Comedy,5.4, (23K),1h 24m
65,66. Harold and the Purple Crayon,Comedy,5.7, (8.2K),1h 30m
66,67. Eephus,Comedy,7.2, (461),1h 39m
67,68. Greedy People,Comedy,6.2, (11K),1h 52m
68,69. Get Away,Comedy,5.3, (6.6K),1h 26m
69,70. Wallace & Gromit: Vengeance Most Fowl,Comedy,7.5, (34K),1h 22m
70,71. Sister Midnight,Comedy,6.6, (365),1h 47m
71,72. Hard Truths,Comedy,7.3, (5.1K),1h 37m
72,73. Night of the Zoopocalypse,Comedy,6.2, (505),1h 31m
73,74. The Shallow Tale of a Writer Who Decided to Write About a Serial Killer,Comedy,8.6, (93),1h 42m
74,75. Goodrich,Comedy,6.3, (5.1K),1h 50m
75,76. Rumours,Comedy,5.0, (4.5K),1h 44m
76,77. Brothers,Comedy,5.4, (13K),1h 29m
77,78. Your Monster,Comedy,6.4, (5.7K),1h 43m
78,79. The Mouse Trap,Comedy,2.4, (3.2K),1h 20m
79,80. Superboys of Malegaon,Comedy,8.0, (1.4K),2h 7m
80,81. How to Make Millions Before Grandma Dies,Comedy,8.0, (13K),2h 5m
81,82. Teri Baaton Mein Aisa Uljha Jiya,Comedy,6.2, (54K),2h 21m
82,83. Bloody Axe Wound,Comedy,4.9, (790),1h 23m
83,84. Ghostlight,Comedy,7.6, (5.8K),1h 55m
84,85. Lisa Frankenstein,Comedy,6.1, (28K),1h 41m
85,86. Stree 2,Comedy,6.9, (42K),2h 27m
86,87. Jackpot!,Comedy,5.8, (30K),1h 46m
87,88. Unfrosted,Comedy,5.5, (35K),1h 37m
88,89. Modi: Three Days on the Wing of Madness,Comedy,5.6, (508),1h 50m
89,90. When Autumn Falls,Comedy,6.8, (1.5K),1h 44m
90,91. The 4:30 Movie,Comedy,6.0, (3.7K),1h 27m
91,92. Winner,Comedy,6.5, (2.4K),1h 43m
92,93. Didi,Comedy,7.3, (12K),1h 33m
93,94. The Visitor,Comedy,4.4, (204),1h 41m
94,95. Mother of the Bride,Comedy,4.8, (17K),1h 28m
95,96. Piece by Piece,Comedy,6.9, (5.3K),1h 33m
96,97. Sketch,Comedy,8.4, (47),1h 32m
97,98. The Uninvited,Comedy,5.9, (156),1h 37m
98,99. Four Mothers,Comedy,7.4, (159),1h 29m
99,100. Manamey,Comedy,5.4, (661),2h 35m
100,101. Sex-Positive,Comedy,4.0, (726),1h 25m
101,102. Babes,Comedy,6.3, (6.3K),1h 44m
102,103. Our Little Secret,Comedy,5.7, (23K),1h 41m
103,104. Hitpig,Comedy,5.1, (907),1h 26m
104,105. Dear Santa,Comedy,5.4, (18K),1h 47m
105,106. Thelma the Unicorn,Comedy,5.7, (2.9K),1h 33m
106,107. Skincare,Comedy,5.7, (4.4K),1h 36m
107,108. Time Travel Is Dangerous,Comedy,6.7, (145),1h 39m
108,109. Aavesham,Comedy,7.8, (28K),2h 35m
109,110. Sweethearts,Comedy,5.5, (3.8K),1h 38m
110,111. Turn Me On,Comedy,5.6, (504),1h 39m
111,112. The Wonderful Story of Henry Sugar and Three More,Comedy,7.1, (6.5K),1h 28m
112,113. Standing on the Shoulders of Kitties,Comedy,6.2, (538),1h 51m
113,114. A través de tu mirada,Comedy,5.4, (5.2K),1h 45m
114,115. Gelin Takimi,Comedy,3.2, (2.5K),1h 49m
115,116. Lost & Found in Cleveland,Comedy,8.4, (30),PG-13
116,117. Irish Wish,Comedy,5.2, (21K),1h 33m
117,118. Megamind vs. The Doom Syndicate,Comedy,2.5, (5.5K),1h 23m
118,119. Find Me Falling,Comedy,6.3, (13K),1h 33m
119,120. Family Pack,Comedy,5.5, (8.9K),1h 34m
120,121. Beautiful Wedding,Comedy,4.1, (4.1K),1h 40m
121,122. The Best Christmas Pageant Ever,Comedy,6.8, (6.1K),1h 39m
122,123. Orion and the Dark,Comedy,6.3, (17K),1h 33m
123,124. Dongeng Sang Kancil,Comedy,6.8, (154),1h 39m
124,125. Reunion,Comedy,5.6, (3.5K),1h 30m
125,126. The Problem with People,Comedy,5.8, (395),1h 42m
126,127. The American Society of Magical Negroes,Comedy,3.7, (12K),1h 44m
127,128. This Is Me... Now,Comedy,4.1, (7.1K),1h 5m
128,129. Universal Language,Comedy,7.1, (1.2K),1h 29m
129,130. Hot Frosty,Comedy,5.3, (15K),1h 32m
130,131. Munjya,Comedy,6.3, (25K),2h 3m
131,132. Sasquatch Sunset,Comedy,5.4, (5.4K),1h 28m
132,133. Summer Camp,Comedy,4.5, (1.5K),1h 35m
133,134. Role Play,Comedy,5.5, (19K),1h 40m
134,135. Let's Start a Cult,Comedy,5.9, (1.4K),1h 30m
135,136. Shabab Albomb,Comedy,4.8, (270),1h 45m
136,137. Trouble,Comedy,6.2, (6.7K),1h 38m
137,138. My Favourite Cake,Comedy,7.4, (7.1K),1h 37m
138,139. Vulgar,Comedy,5.5, (126),1h 43m
139,140. Bookworm,Comedy,6.0, (1.8K),1h 43m
140,141. Players,Comedy,5.7, (12K),1h 45m
141,142. The Thundermans Return,Comedy,5.0, (1.8K),1h 10m
142,143. On Becoming a Guinea Fowl,Comedy,7.1, (814),1h 39m
143,144. Wallbanger,Comedy,5.6, (659),1h 58m
144,145. Sookshma Darshini,Comedy,7.8, (9.9K),2h 22m
145,146. Chuck Billy and the Marvelous Guava Tree,Comedy,7.5, (919),1h 30m
146,147. My Spy: The Eternal City,Comedy,5.7, (11K),1h 52m
147,148. And Mrs,Comedy,5.8, (736),1h 51m
148,149. Boot Camp,Comedy,5.8, (1.1K),1h 34m
149,150. The Fabulous Four,Comedy,4.8, (1.5K),1h 38m
150,151. Space Cadet,Comedy,5.0, (10K),1h 50m
151,152. Jönssonligan kommer tillbaka,Comedy,5.9, (1.3K),1h 44m
152,153. The Radleys,Comedy,5.0, (2.7K),1h 55m
153,154. Am I Racist?,Comedy,6.7, (17K),1h 40m
154,155. This Time Next Year,Comedy,5.6, (2.2K),1h 56m
155,156. A Little Something Extra,Comedy,7.0, (4.8K),1h 39m
156,157. Love in the Big City,Comedy,7.5, (1.4K),1h 58m
157,158. Street Trash,Comedy,4.5, (812),1h 25m
158,159. Buffalo Kids,Comedy,6.6, (667),1h 33m
159,"160. I, the Executioner",Comedy,6.3, (1.7K),1h 58m
160,161. Saving Bikini Bottom: The Sandy Cheeks Movie,Comedy,3.7, (3.8K),1h 22m
161,162. We're All Gonna Die,Comedy,8.2, (91),1h 50m
162,163. The Empire,Comedy,5.2, (1.2K),1h 50m
163,164. Ultraman: Rising,Comedy,6.9, (6.3K),1h 57m
164,165. The Merry Gentlemen,Comedy,4.8, (10K),1h 27m
165,166. Treasure,Comedy,6.3, (2K),1h 51m
166,167. Bhool Bhulaiyaa 3,Comedy,4.7, (77K),2h 38m
167,168. The Supremes at Earl's All-You-Can-Eat,Comedy,6.4, (1.4K),2h 4m
168,169. Madgaon Express,Comedy,7.0, (41K),2h 23m
169,170. Spread,Comedy,5.7, (648),1h 52m
170,171. Khel Khel Mein,Comedy,6.5, (27K),2h 15m
171,172. Officer Black Belt,Comedy,6.8, (8.1K),1h 48m
172,173. Panda Plan,Comedy,5.1, (1.2K),1h 39m
173,174. Bad Shabbos,Comedy,7.5, (163),1h 24m
174,175. Autumn and the Black Jaguar,Comedy,5.6, (989),1h 40m
175,176. Timestalker,Comedy,5.5, (2.9K),1h 29m
176,177. Triumph,Comedy,5.5, (248),1h 38m
177,178. The Gutter,Comedy,5.5, (491),1h 32m
178,179. Sweet Dreams,Comedy,5.4, (1.4K),1h 35m
179,180. How to Date Billy Walsh,Comedy,5.2, (3.9K),1h 38m
180,181. I Love You Forever,Comedy,5.6, (173),1h 29m
181,182. Nutcrackers,Comedy,5.5, (9.3K),1h 44m
182,183. The Second Act,Comedy,6.5, (3.4K),1h 20m
183,184. Rats!,Comedy,6.5, (114),1h 25m
184,185. The Balconettes,Comedy,6.3, (796),1h 44m
185,186. A Legend,Comedy,4.7, (885),2h 9m
186,187. That Christmas,Comedy,6.8, (17K),1h 31m
187,188. I Don't Understand You,Comedy,7.2, (72),1h 36m
188,189. Der Vierer,Comedy,5.3, (170),1h 28m
189,190. Blame the Game,Comedy,5.4, (5.1K),1h 32m
190,191. Shell,Comedy,6.7, (69),1h 40m
191,192. Drugstore June,Comedy,5.3, (1.7K),1h 31m
192,193. Dan Da Dan: First Encounter,Comedy,8.2, (2.7K),1h 23m
193,194. The Underdoggs,Comedy,5.6, (4.6K),1h 36m
194,195. Between the Temples,Comedy,6.3, (2.9K),1h 51m
195,196. Don't Tell Mom the Babysitter's Dead,Comedy,3.8, (1.2K),1h 39m
196,197. 200% Wolf,Comedy,5.9, (1.3K),1h 38m
197,198. The Gentleman,Comedy,7.9, (96),1h 43m
198,199. Desert Fiends,Comedy,8.3, (394),1h 46m
199,200. Seize Them!,Comedy,5.1, (1.2K),1h 31m
200,201. Woody Woodpecker Goes to Camp,Comedy,4.5, (2.5K),1h 40m
201,202. The Trainer,Comedy,7.0, (53),1h 35m
202,203. The Tiger's Apprentice,Comedy,5.7, (2.2K),1h 24m
203,204. Marmalade,Comedy,6.3, (3.5K),1h 39m
204,205. Broken Rage,Comedy,6.1, (1.4K),1h 2m
205,206. Seven Cemeteries,Comedy,4.5, (552),1h 24m
206,207. Simarik,Comedy,6.4, (2.5K),1h 51m
207,208. The Astronaut Lovers,Comedy,7.0, (610),1h 56m
208,209. A House on Fire,Comedy,7.3, (3.3K),1h 45m
209,210. Die Hart: Die Harter,Comedy,4.3, (5.5K),1h 32m
210,211. French Girl,Comedy,5.5, (2.3K),1h 46m
211,212. Prom Dates,Comedy,5.2, (1.7K),1h 26m
212,213. Half Baked 2,Comedy,4.6, (345),1h 37m
213,214. 100 litraa sahtia,Comedy,7.1, (122),1h 28m
214,215. Una Pequeña Confusion,Comedy,6.1, (219),1h 47m
215,216. Swamp Dogg Gets His Pool Painted,Comedy,8.5, (51),1h 35m
216,217. Samana Sunrise,Comedy,5.2, (148),1h 40m
217,218. Premalu,Comedy,7.8, (19K),2h 36m
218,219. Carved,Comedy,4.4, (2.7K),1h 35m
219,220. City Hunter,Comedy,6.3, (5.6K),1h 42m
220,221. Cocorico,Comedy,5.8, (3.2K),1h 32m
221,222. Heavier Trip,Comedy,6.0, (1.2K),1h 36m
222,223. Diamanti,Comedy,7.0, (1K),2h 15m
223,224. Corina,Comedy,7.2, (317),1h 36m
224,225. White Snake: Afloat,Comedy,6.9, (462),2h 13m
225,226. Books & Drinks,Comedy,6.3, (94),1h 34m
226,227. Longing,Comedy,4.7, (800),1h 51m
227,228. Gone Running,Comedy,7.1, (4K),1h 45m
228,"229. Love, Divided",Comedy,6.0, (4.6K),1h 38m
229,230. Peacock,Comedy,7.3, (387),1h 42m
230,231. One Million Babes BC,Comedy,2.2, (78),1h 15m
231,232. Cheerleaders Behaving Badly,Comedy,7.5, (9),2h
232,233. Arthur's Whisky,Comedy,4.5, (828),1h 34m
233,234. Doraemon the Movie: Nobita's Earth Symphony,Comedy,6.6, (1.5K),1h 55m
234,235. Three Friends,Comedy,6.5, (677),1h 57m
235,236. Crew,Comedy,5.8, (37K),1h 58m
236,237. Alien Country,Comedy,4.4, (361),1h 36m
237,238. Not Another Church Movie,Comedy,2.2, (1.1K),1h 30m
238,239. Peter Five Eight,Comedy,3.5, (1.1K),1h 40m
239,240. Arena Wars,Comedy,4.9, (2.1K),1h 36m
240,241. Harry Potter and the Stone,Comedy,8.1, (162),2h 32m
241,242. Five Blind Dates,Comedy,5.1, (1.9K),1h 23m
242,243. The Other Way Around,Comedy,6.4, (1.4K),1h 54m
243,244. Jamais sans mon psy,Comedy,4.8, (243),1h 31m
244,245. Música,Comedy,6.4, (5K),1h 31m
245,246. How Could I Live Without You?,Comedy,6.9, (978),1h 45m
246,247. The Present,Comedy,5.5, (864),1h 26m
247,248. Handsome Guys,Comedy,6.5, (802),1h 41m
248,249. Unspeakable: Beyond the Wall of Sleep,Comedy,6.2, (47),1h 30m
249,250. Zero,Comedy,6.1, (41),1h 28m
250,251. Mort in Sherman Oaks,Comedy,4.9, (552),1h 31m
251,252. Plan B,Comedy,5.9, (1.1K),1h 30m
252,253. Murder Mubarak,Comedy,5.8, (51K),2h 20m
253,254. The Real Bros of Simi Valley: The Movie,Comedy,7.1, (1K),1h 46m
254,255. Hotii de Subiecte,Comedy,7.1, (83),1h 50m
255,256. Adult Best Friends,Comedy,7.2, (70),1h 30m
256,257. Jim's Story,Comedy,6.8, (908),1h 41m
257,258. Killer Body Count,Comedy,4.7, (647),1h 49m
258,259. Crayon Shin-chan: Ora's Dinosaur Diary,Comedy,6.4, (334),1h 46m
259,260. Nice Girls,Comedy,4.2, (1.2K),1h 32m
260,261. Little Death,Comedy,5.4, (203),1h 50m
261,262. Mars,Comedy,8.9, (21),1h 24m
262,263. Meet Me Next Christmas,Comedy,5.7, (8.5K),1h 45m
263,264. Layla,Comedy,6.1, (380),1h 40m
264,265. A Dog's Will 2,Comedy,6.2, (2.9K),1h 44m
265,266. 404 Sukeenirun... Run Run,Comedy,5.8, (241),1h 44m
266,267. Vicky Vidya Ka Woh Wala Video,Comedy,5.2, (11K),2h 32m
267,268. Hisaab Barabar,Comedy,5.8, (1.7K),1h 52m
268,269. U Are the Universe,Comedy,7.7, (262),1h 30m
269,270. Haikyuu!! The Dumpster Battle,Comedy,7.7, (6.1K),1h 25m
270,271. Family Therapy,Comedy,6.2, (159),2h 2m
271,272. Sew Torn,Comedy,6.5, (196),1h 40m
272,273. I've Never Wanted Anyone More,Comedy,5.6, (218),1h 41m
273,274. The Groomsmen: First Look,Comedy,6.1, (384),1h 22m
274,275. Troubleshooters,Comedy,6.7, (410),1h 50m
275,276. Another Cabin in the Woods Movie,Comedy,4.7, (201),1h 17m
276,277. The Solitary Gourmet,Comedy,7.4, (119),1h 50m
277,278. A Family Affair,Comedy,5.1, (35),1h 12m
278,279. 4PM,Comedy,5.9, (87),1h 51m
279,280. Meet the Barbarians,Comedy,6.5, (448),1h 41m
280,281. El Harifa 2: El Remontada,Comedy,6.6, (341),2h 10m
281,282. Dog on Trial,Comedy,6.1, (631),1h 23m
282,283. You Are the Apple of My Eye,Comedy,7.6, (3.4K),1h 41m
283,284. Inheritance,Comedy,5.1, (3.5K),1h 34m
284,285. The Last Frenzy,Comedy,5.3, (215),1h 47m
285,286. Griffin in Summer,Comedy,7.2, (158),1h 30m
286,287. The Grinch That Stole Bitches,Comedy,6.8, (66),1h 14m
287,288. London Calling,Comedy,7.8, (20),1h 49m
288,289. And the Breadwinner Is...,Comedy,6.8, (250),2h 3m
289,290. Candidatul perfect,Comedy,6.2, (904),1h 40m
290,291. Mother Father Sister Brother Frank,Comedy,5.8, (237),1h 25m
291,292. Do Aur Do Pyaar,Comedy,6.4, (12K),2h 20m
292,293. Alter weißer Mann,Comedy,6.2, (704),1h 54m
293,294. Krazy House,Comedy,4.8, (1.4K),1h 29m
294,295. Still Fabulous,Comedy,4.9, (855),1h 32m
295,296. Crackcoon,Comedy,3.6, (414),1h 28m
296,297. Slay,Comedy,6.5, (1.1K),1h 39m
297,298. No Time to Spy: A Loud House Movie,Comedy,6.4, (443),1h 21m
298,299. Døde menn går på ski,Comedy,5.4, (224),1h 29m
299,300. Audrey,Comedy,5.7, (293),1h 37m
300,302. O Melhor Amigo,Comedy,7.1, (59),1h 36m
301,303. Christmas Eve in Miller's Point,Comedy,5.6, (2.3K),1h 46m
302,305. Juliette au printemps,Comedy,6.4, (248),1h 35m
303,306. Perfect Endings,Comedy,5.6, (191),1h 40m
304,307. Holly by Nightfall,Comedy,7.7, (6),1h 22m
305,308. Arzé,Comedy,7.0, (210),1h 30m
306,309. Casatoria,Comedy,6.4, (2.8K),1h 36m
307,310. I Am Kathalan,Comedy,6.7, (1.1K),1h 55m
308,311. Auction,Comedy,6.4, (912),1h 31m
309,312. How to Make a Killing,Comedy,6.6, (706),1h 49m
310,313. Ajosepo,Comedy,8.7, (54),2h 14m
311,314. Mr. Manhattan,Comedy,6.7, (440),1h 50m
312,315. A.R.M,Comedy,7.1, (8.6K),2h 30m
313,316. The Deb,Comedy,7.5, (71),2h 1m
314,317. Chantal in Fairyland,Comedy,4.6, (2.6K),1h 58m
315,318. The Southern Chronicles,Comedy,8.8, (2.5K),2h
316,319. Man and Witch: The Dance of a Thousand Steps,Comedy,5.5, (328),1h 34m
317,320. U.S. Palmese,Comedy,6.9, (102),2h
318,321. Lesbian Space Princess,Comedy,7.5, (110),1h 27m
319,322. Monster on a Plane,Comedy,5.5, (2.3K),1h 28m
320,323. Her Story,Comedy,7.6, (1.8K),2h 3m
321,324. 10 Lives,Comedy,5.9, (1.9K),1h 28m
322,325. Two to One,Comedy,6.1, (718),1h 56m
323,326. Perhoset,Comedy,6.3, (176),1h 38m
324,327. King of My Castle,Comedy,5.0, (453),1h 49m
325,328. Lubber Pandhu,Comedy,8.2, (5.9K),2h 26m
326,330. Operation Taco Gary's,Comedy,6.6, (27),1h 28m
327,331. Guruvayoor Ambalanadayil,Comedy,6.6, (4.6K),2h 12m
328,332. Empire Waist,Comedy,6.7, (170),1h 37m
329,333. Head South,Comedy,6.8, (230),1h 38m
330,334. Il complottista,Comedy,7.2, (14),1h 25m
331,335. The Christmas Letter,Comedy,4.1, (179),1h 34m
332,336. Lesson Learned,Comedy,7.7, (2K),1h 59m
333,337. Baby Assassins: Nice Days,Comedy,7.3, (291),1h 43m
334,338. A Sudden Case of Christmas,Comedy,5.1, (1.1K),1h 31m
335,339. Funny Birds,Comedy,5.6, (233),1h 37m
336,340. Moartea in vacanta,Comedy,6.6, (1.5K),1h 29m
337,341. Almost Paradise,Comedy,6.4, (541),2h
338,342. Victory,Comedy,6.4, (273),2h
339,343. Retreat Vama Veche,Comedy,3.9, (931),1h 30m
340,344. Noah's Ark,Comedy,4.3, (641),1h 36m
341,345. Feeling Randy,Comedy,7.8, (471),1h 21m
342,346. Der Buchspazierer,Comedy,7.3, (380),1h 38m
343,347. Wild Wild Punjab,Comedy,6.2, (15K),1h 49m
344,348. Breakup Season,Comedy,5.8, (305),1h 42m
345,349. Dear Paris,Comedy,5.6, (318),1h 48m
346,350. C Takimi,Comedy,2.8, (487),2h 15m
347,351. Ryan's World the Movie: Titan Universe Adventure,Comedy,1.8, (681),1h 20m
348,352. Good Bad Things,Comedy,5.7, (193),1h 36m
349,353. Destroy All Neighbors,Comedy,5.3, (2K),1h 25m
350,354. Frankie Freako,Comedy,5.6, (1.1K),1h 25m
351,355. Gracie and Pedro: Pets to the Rescue,Comedy,5.1, (265),1h 27m
352,356. Paying for It,Comedy,7.1, (107),1h 25m
353,357. Le panache,Comedy,6.3, (123),1h 33m
354,"358. María, Me Muero",Comedy,5.6, (89),1h 33m
355,359. Yolo,Comedy,6.9, (3.7K),2h 9m
356,360. Un mondo a parte,Comedy,6.5, (1.2K),1h 53m
357,361. Marcello Mio,Comedy,5.9, (888),2h
358,362. Bad Newz,Comedy,4.7, (26K),2h 22m
359,363. Everybody Loves Jenifa,Comedy,8.3, (83),2h 15m
360,364. Mukadderat,Comedy,7.3, (514),1h 30m
361,365. Crust,Comedy,6.1, (231),1h 42m
362,367. Goyo,Comedy,6.6, (2.2K),1h 46m
363,368. Vaazha: Biopic of a Billion Boys,Comedy,7.3, (4K),2h 5m
364,369. Marianengraben,Comedy,7.5, (81),1h 27m
365,371. Swag,Comedy,7.6, (3K),2h 30m
366,372. Bau: Artist at War,Comedy,7.0, (55),2h 10m
367,373. Srikakulam Sherlockholmes,Comedy,8.1, (2.3K),2h 5m
368,374. Tillu Square,Comedy,6.6, (3.4K),2h 17m
369,375. The Roast of Tom Brady,Comedy,7.2, (5.8K),2h 59m
370,376. Stealing Pulp Fiction,Comedy,6.2, (21),1h 18m
371,377. Sons of Rizk 3,Comedy,6.7, (1.7K),2h 5m
372,378. Blackout,Comedy,6.1, (10K),2h 2m
373,381. Mission: Cross,Comedy,6.1, (2.6K),1h 45m
374,382. Sunset Superman,Comedy,6.0, (151),1h 21m
375,384. Ishq Vishk Rebound,Comedy,5.6, (7.1K),1h 46m
376,385. The Throwback,Comedy,5.5, (346),1h 36m
377,386. Mascarpone: The Rainbow Cake,Comedy,6.1, (496),1h 45m
378,387. One Night in Tokyo,Comedy,7.5, (69),1h 35m
379,388. V dobrém i zlém,Comedy,6.4, (54),1h 33m
380,389. Believe in Christmas,Comedy,6.1, (822),1h 30m
381,390. Down the Rabbit Hole,Comedy,5.6, (539),1h 42m
382,391. Lady Parts,Comedy,8.9, (40),1h 19m
383,393. Switch Up,Comedy,8.6, (27),1h 45m
384,394. Vampire Zombies... From Space!,Comedy,7.7, (68),1h 38m
385,395. À bicyclette!,Comedy,7.0, (188),1h 30m
386,396. Lucky Winners,Comedy,6.2, (1.4K),1h 43m
387,397. ¿Quién es quién?,Comedy,5.9, (73),1h 35m
388,398. Going Viral,Comedy,6.8, (52),1h 30m
389,399. When in Rome,Comedy,6.1, (738),1h 38m
390,400. Victoria må dø,Comedy,5.9, (360),1h 25m
391,401. À l'ancienne,Comedy,4.6, (292),1h 29m
392,402. Suspended Time,Comedy,5.4, (301),1h 45m
393,403. Last Night at Terrace Lanes,Comedy,4.4, (628),1h 15m
394,404. Citizen of a Kind,Comedy,6.7, (795),1h 54m
395,405. Nuked,Comedy,7.9, (42),1h 26m
396,406. Stress Positions,Comedy,5.0, (622),1h 35m
397,408. Aimer perdre,Comedy,7.2, (51),1h 26m
398,409. About Family,Comedy,6.8, (116),1h 46m
399,410. Cassino in Ischia,Comedy,4.4, (239),1h 53m
400,411. Camp Crasher,Comedy,5.4, (800),1h 35m
401,412. Kangaroo Island,Comedy,7.5, (24),1h 53m
402,413. Holy Cash,Comedy,7.3, (24),1h 34m
403,414. N'avoue jamais,Comedy,5.8, (461),1h 34m
404,416. Oscar Wilde About America,Comedy,3.5, (22),1h 38m
405,417. Bermondsey Tales: Fall of the Roman Empire,Comedy,4.4, (180),1h 39m
406,418. Deaner '89,Comedy,5.9, (416),1h 30m
407,419. Marry Christmas,Comedy,6.7, (60),1h 25m
408,420. Umjolo: The Gone Girl,Comedy,4.4, (270),1h 32m
409,421. It's Christmas!,Comedy,4.2, (206),1h 25m
410,422. Finalement,Comedy,5.7, (262),2h 7m
411,423. Buzz House: The Movie,Comedy,3.2, (1.2K),1h 33m
412,424. The Pee Pee Poo Poo Man,Comedy,8.1, (18),1h 19m
413,425. Cells at Work!,Comedy,6.8, (192),1h 49m
414,426. Rap World,Comedy,7.8, (504),56m
415,427. The Everything Pot,Comedy,7.3, (32),1h 30m
416,428. Barbie & Kendra Crash Joe Bob's Drive-In Jamboree,Comedy,4.8, (107),51m
417,429. My Ex's Wedding,Comedy,8.6, (46),1h 35m
418,431. My Wifes X,Comedy,6.4, (772),1h 41m
419,432. Dirty Ice Cream,Comedy,4.4, (116),47m
420,433. Hahacar,Comedy,6.9, (319),2h 15m
421,434. Swede Caroline,Comedy,5.4, (227),1h 38m
422,435. A Hip Hop Story,Comedy,8.7, (107),1h 30m
423,436. Jhamkudi,Comedy,6.6, (980),2h 31m
424,437. De Terugreis,Comedy,7.4, (1.8K),1h 38m
425,438. The Actor,Comedy,3.3, (726),2h 8m
426,439. Adios Amigo,Comedy,5.9, (1.4K),2h 36m
427,440. Suckers,Comedy,3.3, (120),1h 7m
428,441. Vijay 69,Comedy,6.1, (1.2K),1h 52m
429,442. Chainsaws Were Singing,Comedy,7.2, (355),1h 57m
430,443. Maybe Baby 2,Comedy,5.7, (534),1h 45m
431,444. Cat and Dog,Comedy,5.3, (1.1K),1h 26m
432,445. Queens of Drama,Comedy,6.3, (188),1h 54m
433,446. Doctor Doctor,Comedy,8.2, (129),1h 38m
434,447. Scared Shitless,Comedy,6.1, (206),1h 16m
435,448. Vive e Deixa Andar,Comedy,6.1, (60),1h 47m
436,449. Tim Travers & the Time Travelers Paradox,Comedy,6.9, (276),1h 35m
437,450. Say a Little Prayer,Comedy,8.5, (42),1h 43m
438,451. Cocaine Werewolf,Comedy,2.3, (299),1h 20m
439,452. La casa,Comedy,7.0, (926),1h 23m
440,453. Finché notte non ci separi,Comedy,5.6, (131),1h 25m
441,454. Love at 39 Degrees,Comedy,5.5, (1.4K),1h 55m
442,455. Wishing on a Star,Comedy,6.7, (140),1h 39m
443,456. Erdal and Ece,Comedy,4.3, (4.2K),1h 47m
444,457. I Heard You Buy Souls,Comedy,2.7, (42),1h 28m
445,458. The Missile,Comedy,6.6, (1K),1h 50m
446,459. Meet the Leroys,Comedy,6.4, (1.1K),1h 42m
447,460. Badaa Saat Fi Yawman Ma,Comedy,6.3, (89),1h 40m
448,461. Divorce,Comedy,5.8, (744),1h 31m
449,462. Fierce Killer Marsupial,Comedy,2.3, (40),1h 26m
450,463. Kidnapping Inc.,Comedy,6.6, (233),1h 47m
451,464. Xiong Shi Shao Nian 2,Comedy,7.5, (199),2h 14m
452,465. Technoboys,Comedy,5.3, (966),1h 49m
453,466. The Heartbreak Agency,Comedy,5.3, (719),1h 34m
454,467. King Baby,Comedy,7.0, (24),1h 28m
455,468. Jon Vardar protiv Galaksijata,Comedy,8.4, (68),1h 26m
456,469. This Life of Mine,Comedy,5.5, (242),1h 39m
457,471. Space Sharks,Comedy,1.5, (317),1h 10m
458,472. Betting with Ghost,Comedy,6.7, (63),1h 52m
459,473. Last ExMas,Comedy,5.4, (336),1h 24m
460,474. Hello Mummy,Comedy,5.6, (3.3K),2h 16m
461,475. Disaster Holiday,Comedy,4.8, (691),1h 33m
462,476. Ballot,Comedy,6.3, (227),1h 42m
463,477. The Holiday Club,Comedy,6.6, (361),1h 28m
464,478. Vasco Da Gama,Comedy,5.1, (2.9K),2h 5m
465,479. Jamie Foxx: What Had Happened Was...,Comedy,5.8, (2K),1h 8m
466,481. Non Negotiable,Comedy,5.4, (1.2K),1h 27m
467,482. De jackpot,Comedy,4.9, (144),1h 43m
468,485. Throuple,Comedy,6.6, (68),1h 32m
469,486. Doin' It,Comedy,5.8, (44),1h 32m
470,487. Extremely Unique Dynamic,Comedy,7.7, (340),1h 13m
471,489. The Casagrandes Movie,Comedy,5.6, (663),1h 29m
472,490. Rent Free,Comedy,7.8, (67),1h 33m
473,491. Super Happy Forever,Comedy,6.9, (177),1h 34m
474,492. Mamífera,Comedy,6.6, (425),1h 33m
475,493. 1995,Comedy,6.8, (594),2h
476,495. Kang Mak from Pee Mak,Comedy,6.4, (786),2h 2m
477,497. Successor,Comedy,6.8, (1.3K),2h 13m
478,498. Haunt Season,Comedy,4.9, (776),1h 21m
479,499. Fasel Men El Lahazat El Lazeeza,Comedy,6.5, (870),2h 2m
480,500. Nyhterinos ekfonitis,Comedy,7.3, (219),1h 14m
481,501. Young Lion of the West,Comedy,5.2, (108),1h 33m
482,502. Nunakuzhi,Comedy,6.8, (3K),2h 5m
483,503. Agak Laen,Comedy,7.6, (2.9K),1h 59m
484,504. Rockbottom,Comedy,7.4, (84),1h 22m
485,506. A Most Atrocious Thing,Comedy,3.8, (253),1h 15m
486,507. Illegal Hayatlar: Meclis,Comedy,6.8, (824),1h 55m
487,508. Io e te dobbiamo parlare,Comedy,4.2, (197),1h 35m
488,509. Padre no hay más que uno 4,Comedy,5.2, (611),1h 30m
489,510. Jack in Time for Christmas,Comedy,4.6, (1K),1h 6m
490,511. Micro Budget,Comedy,8.2, (32),1h 28m
491,512. Trisha on the Rocks,Comedy,5.2, (3K),2h 52m
492,513. Staycation,Comedy,7.0, (106),1h 34m
493,514. The Black Sea,Comedy,7.9, (81),1h 36m
494,515. Meet Me in Rome,Comedy,5.1, (641),1h 25m
495,516. Eho kati na po,Comedy,6.3, (23),1h 36m
496,517. El Heredero,Comedy,8.1, (36),1h 43m
497,518. Bionico's Bachata,Comedy,8.5, (45),1h 20m
498,519. Pontianak 200kg,Comedy,5.2, (29),1h 33m
499,520. Mandakini,Comedy,5.9, (2.9K),2h 7m
500,521. Dreaming of You,Comedy,8.6, (26),1h 35m
501,522. Bakkal Amca: Mahmut Tuncer,Comedy,3.7, (210),1h 46m
502,523. La petite vadrouille,Comedy,5.6, (365),1h 36m
503,524. Hep Yek: Asiret,Comedy,2.3, (202),1h 26m
504,525. Something's More Than One Thing,Comedy,8.9, (91),1h 50m
505,526. Daaru Na Peenda Hove,Comedy,7.7, (2.3K),1h 51m
506,527. The Disruptors,Comedy,5.8, (176),1h 26m
507,528. Murder and Cocktails,Comedy,4.0, (360),1h 28m
508,529. Nee Dhaarey Nee Katha,Comedy,8.8, (1.1K),2h 2m
509,530. Boy Kaldag,Comedy,5.2, (165),1h 34m
510,531. A Trip Elsewhere,Comedy,5.6, (101),1h 33m
511,532. Alles Fifty Fifty,Comedy,6.3, (435),1h 53m
512,533. 2nd Miracle in Cell No. 7,Comedy,7.8, (201),2h 27m
513,534. Once Upon a Christmas Wish,Comedy,6.1, (319),1h 30m
514,536. Fruitcake,Comedy,5.4, (120),1h 37m
515,537. Love... Reconsidered,Comedy,4.3, (130),1h 28m
516,538. Kudumba Sthreeyum Kunjadum,Comedy,2.3, (12),2h 30m
517,539. Messy,Comedy,6.2, (14),1h 30m
518,540. Romeo è Giulietta,Comedy,6.4, (399),1h 45m
519,541. Inga Naan Thaan Kingu,Comedy,5.3, (443),2h 12m
520,542. The Price of Nonna's Inheritance,Comedy,5.3, (1.1K),1h 30m
521,543. A European Christmas,Comedy,4.7, (192),1h 30m
522,544. G for Gap,Comedy,7.2, (549),1h 43m
523,545. Dünya Varmis,Comedy,7.4, (51),1h 40m
524,548. Twisted Hearts,Comedy,7.2, (12),1h 30m
525,549. Sad Jokes,Comedy,6.6, (89),1h 36m
526,550. Breakfast with Giraffes,Comedy,6.4, (514),1h 37m
527,551. My Boyfriend Is a Sex Worker,Comedy,5.2, (14),50m
528,552. Clone Cops,Comedy,8.0, (191),1h 36m
529,553. Veni Vidi Vici,Comedy,5.8, (353),1h 26m
530,554. Local Kung Fu 3,Comedy,9.2, (32),2h 16m
531,555. A Gangster's Kiss,Comedy,4.9, (45),1h 21m
532,556. My Annoying Brother,Comedy,7.5, (207),1h 54m
533,557. National Theatre Live: Nye,Comedy,8.0, (262),2h 40m
534,558. The Great Salish Heist,Comedy,7.1, (28),1h 35m
535,559. Anyone But Her,Comedy,4.9, (282),1h 33m
536,560. Perdiendo el Juicio,Comedy,7.4, (18),1h 30m
537,562. Guardian,Comedy,4.1, (664),2h
538,563. Idiyan Chandhu,Comedy,4.7, (211),2h
539,564. Kakuda,Comedy,5.4, (6.3K),1h 56m
540,565. The Proud Princess,Comedy,7.1, (108),1h 24m
541,566. Theater Compilation Bocchi the Rock! Re:,Comedy,7.6, (155),1h 30m
542,567. Checkmate,Comedy,4.3, (385),1h 44m
543,568. Pilot,Comedy,6.2, (782),1h 50m
544,569. Da chang mian,Comedy,5.9, (44),1h 41m
545,570. Panchak,Comedy,7.9, (69),2h 2m
546,571. Plastic Guns,Comedy,6.3, (607),1h 35m
547,572. Sunlight,Comedy,7.9, (17),1h 36m
548,573. Oru Kattil Oru Muri,Comedy,4.6, (57),2h 5m
549,574. Female 4,Comedy,5.8, (109),1h 21m
550,"575. MoviePass, MovieCrash",Comedy,6.7, (2.8K),1h 36m
551,577. Neelan & Kevin,Comedy,8.0, (11),1h 29m
552,578. La famille Hennedricks,Comedy,5.0, (183),1h 25m
553,580. Beyond the Likes,Comedy,6.4, (17),1h 50m
554,581. Dalej Jazda,Comedy,6.0, (122),1h 40m
555,582. Another German Tank Story,Comedy,6.0, (58),1h 36m
556,584. My Melbourne,Comedy,7.5, (40),1h 40m
557,585. Tous toqués !,Comedy,6.4, (188),1h 52m
558,586. I Am Not Big Bird,Comedy,5.2, (197),1h 36m
559,587. In Good Hands 2,Comedy,5.3, (950),1h 39m
560,589. (Un)lucky Sisters,Comedy,5.2, (859),1h 22m
561,590. Empire Queen,Comedy,3.2, (204),2h 28m
562,591. Grrrr..,Comedy,4.0, (811),2h 1m
563,592. You Are Not Alone,Comedy,6.2, (68),1h 45m
564,593. Yasam Koçu,Comedy,3.8, (1.2K),1h 35m
565,594. Vil & Misérable,Comedy,7.1, (68),1h 54m
566,595. Clickbait: Unfollowed,Comedy,4.9, (569),1h 30m
567,597. Pegasus 2,Comedy,6.9, (1.3K),2h 1m
568,598. Menudas piezas,Comedy,5.8, (591),1h 39m
569,599. Amazon Bullseye,Comedy,5.3, (190),1h 53m
570,600. I Can't Live Without You,Comedy,5.0, (798),1h 52m
571,601. Varshangalkku Shesham,Comedy,6.6, (4.1K),2h 46m
572,602. The Honest Candidate,Comedy,5.3, (309),1h 36m
573,603. Der Spitzname,Comedy,5.8, (465),1h 30m
574,604. Jolly O Gymkhana,Comedy,7.4, (1.5K),2h 9m
575,605. Jorgovani,Comedy,5.6, (616),1h 23m
576,606. SuperKlaus,Comedy,4.3, (201),1h 28m
577,608. Love You to Debt,Comedy,6.2, (755),2h 15m
578,609. E se mio padre,Comedy,5.5, (16),1h 40m
579,610. Bremenskie muzykanty,Comedy,4.6, (668),1h 55m
580,612. Mathu Vadalara 2,Comedy,7.0, (1.6K),2h 19m
581,613. Group Therapy,Comedy,5.8, (43),1h 26m
582,614. Kyuka: Before Summer's End,Comedy,6.9, (95),1h 43m
583,615. Waarom Wettelen,Comedy,6.4, (420),1h 46m
584,616. No Pressure,Comedy,5.1, (1.1K),1h 51m
585,617. Bharathanatyam,Comedy,6.7, (1.6K),2h 1m
586,619. Ek Daav Bhootacha,Comedy,5.6, (112),2h 26m
587,620. Killer Babes,Comedy,3.5, (284),1h 34m
588,621. Bachelor Party,Comedy,5.2, (334),2h 25m
589,622. K-Pops,Comedy,7.1, (56),1h 54m
590,623. Ljósvíkingar,Comedy,7.9, (50),1h 44m
591,624. Transmitzvah,Comedy,4.4, (313),1h 40m
592,625. De Z van Zus,Comedy,6.6, (426),2h
593,626. Laxmi Kataksham,Comedy,6.2, (13),2h 28m
594,627. Nadikar,Comedy,5.3, (445),2h 22m
595,"628. Snow, Tea and Love 2: With a Little Luck",Comedy,3.8, (272),1h 37m
596,630. Enchanting Christmas,Comedy,6.3, (354),1h 31m
597,631. The Infallibles,Comedy,4.8, (751),1h 39m
598,632. Kalvan,Comedy,5.6, (985),2h 22m
599,633. Riders,Comedy,6.3, (461),1h 45m
600,634. Shrek 5: The Contract - A Fan Made Film,Comedy,7.0, (19),1h 24m
601,635. Raghu Thatha,Comedy,6.2, (567),2h 14m
602,636. The Contract,Comedy,3.7, (109),1h 30m
603,637. Mountain Shark,Comedy,5.0, (100),1h 21m
604,638. Erdal ile Ece 2,Comedy,4.8, (822),1h 42m
605,639. Belyakovy v otpuske,Comedy,4.7, (206),1h 30m
606,640. Nakon ljeta,Comedy,6.0, (188),1h 38m
607,641. Morando com o Crush,Comedy,5.3, (178),1h 30m
608,643. The Fisherman,Comedy,7.2, (44),1h 45m
609,644. 35-Chinna Katha Kaadu,Comedy,7.9, (1K),2h 25m
610,645. Happiness Is,Comedy,3.8, (292),1h 36m
611,646. Kodaikanal,Comedy,9.2, (69),2h 53m
612,647. My Boo,Comedy,6.1, (669),2h 5m
613,648. Drie dagen vis,Comedy,7.3, (118),1h 25m
614,649. Boomerang,Comedy,7.4, (400),2h 14m
615,650. Memes & Nightmares,Comedy,5.7, (84),1h 21m
616,651. Turbo,Comedy,5.9, (3.6K),2h 35m
617,652. The Boys,Comedy,4.7, (137),2h 11m
618,653. The Private Eye,Comedy,3.6, (129),1h 55m
619,656. Malayalee from India,Comedy,5.6, (5K),2h 40m
620,657. Üç Günlük Dünya,Comedy,8.7, (91),1h 55m
621,658. Thaanara,Comedy,4.4, (780),1h 58m
622,659. Tre menn til Vilma,Comedy,6.8, (179),1h 32m
623,660. Barbenheimer and the Cult of Walt Disney,Comedy,9.6, (115),1h 49m
624,661. Dog Days,Comedy,6.7, (308),2h
625,662. History and Geography,Comedy,6.6, (91),1h 30m
626,663. Bodegón con fantasmas,Comedy,6.5, (157),1h 28m
627,664. La Balada de Hortensia,Comedy,6.7, (128),1h 34m
628,666. Locha Laapsi,Comedy,7.2, (364),1h 51m
629,667. Jatt & Juliet 3,Comedy,5.4, (1.8K),2h 15m
630,668. Honeymoonish,Comedy,5.3, (1.5K),1h 40m
631,669. Jimmy Carr: Natural Born Killer,Comedy,6.7, (2.6K),59m
632,670. Pon Ondru Kanden,Comedy,5.7, (269),2h
633,671. For Sale,Comedy,4.8, (667),1h 55m
634,673. Jo Tera Hai Woh Mera Hai,Comedy,5.1, (234),1h 41m
635,674. Vanilla Ice Cream,Comedy,8.1, (1.2K),2h 20m
636,675. Big City Greens the Movie: Spacecation,Comedy,6.2, (538),1h 23m
637,"676. Goodbye, Hello",Comedy,5.4, (63),1h 37m
638,677. Love Lies,Comedy,7.3, (260),1h 54m
639,678. Cholo Zombies,Comedy,4.7, (102),1h 36m
640,679. Si Juki the Movie: Harta Pulau Monyet,Comedy,6.0, (115),1h 47m
641,680. Nick and Nicky,Comedy,8.6, (63),1h 52m
642,681. Porattu Nadakam,Comedy,7.8, (1.2K),2h 4m
643,682. Shinda Shinda No Papa,Comedy,5.8, (617),2h 15m
644,685. Air Fryer Slaughter,Comedy,6.5, (427),1h 30m
645,686. How to Survive a Marriage?,Comedy,6.8, (324),2h 2m
646,687. Breaking and Re-entering,Comedy,5.8, (440),1h 49m
647,688. Bloody Bridget,Comedy,7.1, (53),1h 21m
648,"689. Maya, donne-moi un titre",Comedy,6.4, (50),1h 1m
649,690. Vozvrashchenie popugaya Keshi,Comedy,4.2, (59),1h 33m
650,691. Matt Rife: Lucid - A Crowd Work Special,Comedy,6.4, (1.5K),54m
651,692. Delivery Boy,Comedy,8.3, (1.1K),2h 5m
652,693. My Fathers' Daughter,Comedy,6.7, (74),1h 18m
653,694. La familia Benetón,Comedy,4.4, (387),1h 33m
654,695. On aurait dû aller en Grèce,Comedy,4.3, (79),1h 21m
655,696. I Want to Be Neenja! The Movie,Comedy,3.8, (383),1h 30m
656,697. The Man Who Loved UFOs,Comedy,5.2, (591),1h 47m
657,698. TKT,Comedy,7.5, (39),1h 23m
658,699. Lohusa,Comedy,5.3, (2.8K),1h 58m
659,700. Mlle Bottine,Comedy,7.2, (140),1h 51m
660,701. Feste & Freunde - Ein Hoch auf uns!,Comedy,7.5, (92),1h 47m
661,702. Ma chi ti conosce,Comedy,5.9, (133),1h 45m
662,703. Navra Maza Navsacha 2,Comedy,5.3, (501),2h 23m
663,704. Killington,Comedy,2.8, (168),1h 27m
664,705. A Halloween Feast,Comedy,5.5, (786),1h 43m
665,706. Kill Me If You Dare,Comedy,4.6, (1.3K),1h 34m
666,707. Gli addestratori,Comedy,5.5, (292),1h 30m
667,708. ¿Vienes o Voy?,Comedy,6.7, (15),1h 34m
668,709. Les boules de Noël,Comedy,4.3, (53),1h 30m
669,710. Sea of Madness,Comedy,7.2, (23),1h 33m
670,711. Vadakkupatti Ramasamy,Comedy,6.2, (1K),2h 26m
671,712. Carole & Grey,Comedy,7.4, (15),1h 10m
672,715. Five Friends,Comedy,6.7, (884),1h 52m
673,716. Shukrana,Comedy,7.6, (94),1h 57m
674,718. Minor Leaguer,Comedy,5.2, (85),1h 17m
675,719. The Heist,Comedy,6.9, (2K),2h
676,720. Überall gibt es ein Hausen,Comedy,9.3, (22),1h 42m
677,721. Laughing Buddha,Comedy,7.1, (1.3K),2h 13m
678,722. Panda Bear in Africa,Comedy,5.5, (320),1h 24m
679,723. Mustafar Takes Los Angeles: A Live Staged Reading of Star Wars: Episode III,Comedy,7.9, (27),2h 55m
680,724. Es por su bien,Comedy,5.3, (151),1h 44m
681,725. The Mick and the Trick,Comedy,5.0, (75),1h 36m
682,726. Being Blanche Houellebecq,Comedy,5.9, (258),1h 28m
683,727. The Shakedown,Comedy,5.0, (306),1h 44m
684,728. Salsa,Comedy,5.7, (264),1h 40m
685,730. Uma Musume: Pretty Derby - Beginning of a New Era,Comedy,7.3, (116),1h 48m
686,731. Kudi Haryane Val Di,Comedy,6.3, (309),2h 42m
687,732. Seoulmeyt,Comedy,4.0, (23),1h 58m
688,733. Andrea Gets a Divorce,Comedy,6.5, (689),1h 34m
689,"734. Hemet, or the Landlady Don't Drink Tea",Comedy,4.3, (88),1h 29m
690,735. The Property,Comedy,7.5, (54),1h 50m
691,736. Tulnukas 2 ehk Valdise tagasitulek 17 osas,Comedy,6.6, (594),1h 39m
692,737. #AAY,Comedy,6.4, (797),2h 22m
693,"738. Gulay lang, manong",Comedy,7.0, (24),1h 30m
694,739. To nie mój film,Comedy,6.9, (110),1h 39m
695,740. Little Hearts,Comedy,5.8, (2.2K),2h 16m
696,741. The Premiere,Comedy,10, (8),1h 46m
697,743. Mala persona,Comedy,5.2, (374),1h 39m
698,745. Goreyan Naal Lagdi Zameen Jatt Di,Comedy,7.8, (28),1h 48m
699,746. Arap Kadri,Comedy,3.8, (315),1h 37m
700,747. My Divorce Party,Comedy,3.6, (190),1h 31m
701,748. My Sassy Girl,Comedy,5.2, (109),1h 57m
702,749. Na Baligh Afraad,Comedy,6.0, (129),1h 44m
703,750. The Great Nick D,Comedy,8.9, (11),1h 35m
704,751. My Future You,Comedy,8.3, (50),1h 49m
705,752. Clown II,Comedy,7.5, (12),2h 21m
706,753. Don Dukun,Comedy,6.9, (50),1h 38m
707,754. Nado snimat filmy o lyubvi,Comedy,7.3, (32),1h 13m
708,756. ClearMind,Comedy,4.1, (2.2K),1h 25m
709,757. Chica Conoce a Chico,Comedy,4.7, (55),1h 39m
710,758. Silent Trilogy,Comedy,6.8, (34),1h 1m
711,759. Sureshinteyum Sumalathayudeyum Hridayahariyaya Pranayakatha,Comedy,5.9, (83),2h 18m
712,760. C'est le monde à l'envers !,Comedy,5.3, (94),1h 54m
713,761. Sahbek Rajel,Comedy,9.1, (84),2h 25m
714,762. Nintama Rantaro Dokutake Ninja-tai Saikyou no Gunshi,Comedy,7.1, (17),1h 30m
715,764. Powder Pup,Comedy,6.2, (76),1h 29m
716,766. 4 Zéros,Comedy,3.5, (138),1h 45m
717,767. Son of a Rich 2,Comedy,5.7, (1K),1h 54m
718,768. Sharmajee Ki Beti,Comedy,5.9, (5.1K),1h 56m
719,769. À toute allure,Comedy,5.3, (165),1h 26m
720,770. In Bed with Santa,Comedy,7.4, (9),2h 30m
721,771. Hotel Bitcoin,Comedy,4.9, (368),1h 41m
722,772. Lagan Special,Comedy,6.1, (602),1h 50m
723,773. OMG: O Manchi Ghost,Comedy,5.2, (585),2h 5m
724,774. Mielensäpahoittajan rakkaustarina,Comedy,6.5, (200),1h 38m
725,775. Anunnakiler,Comedy,2.5, (444),1h 16m
726,776. What a Feeling,Comedy,6.5, (223),1h 50m
727,777. Swargathile Katturumbu,Comedy,4.2, (649),2h 19m
728,779. Nugget Is Dead?: A Christmas Story,Comedy,5.2, (439),1h 27m
729,781. Salitan,Comedy,5.0, (241),1h 45m
730,782. Stinky Summer,Comedy,5.7, (50),1h 30m
731,783. La Petite et le Vieux,Comedy,6.8, (135),1h 45m
732,784. Blindgänger,Comedy,7.5, (24),1h 35m
733,785. Jameelante Poovan Kozhi,Comedy,5.8, (1.5K),2h 2m
734,786. A Little Family Drama,Comedy,8.8, (157),1h 27m
735,787. Challenger,Comedy,5.6, (165),1h 35m
736,788. Mucize Aynalar,Comedy,6.5, (108),1h 43m
737,789. The Lifeguards,Comedy,3.9, (138),1h 47m
738,790. Çakallarla Dans 7,Comedy,4.3, (173),1h 49m
739,791. Builder Boys,Comedy,6.6, (166),2h 2m
740,792. Maybe More,Comedy,6.2, (441),1h 17m
741,793. Karataka Dhamanaka,Comedy,4.7, (320),2h 36m
742,794. L'art d'être heureux,Comedy,5.0, (111),1h 30m
743,797. Culpa cero,Comedy,5.9, (347),1h 46m
744,798. The Ring,Comedy,7.7, (134),2h
745,799. Carnage for Christmas,Comedy,4.5, (339),1h 9m
746,800. Iyi Bir Aile Degiliz,Comedy,5.6, (106),1h 37m
747,801. Kevin James: Irregardless,Comedy,5.7, (851),1h 2m
748,802. Game On,Comedy,2.6, (350),1h 25m
749,803. Sexagenarian,Comedy,7.9, (11),1h 14m
750,804. Gone with the Dead the Movie,Comedy,4.4, (47),1h 36m
751,806. Lakeview,Comedy,7.3, (9),1h 40m
752,807. 60 Miles North,Comedy,8.6, (81),1h 21m
753,808. Sin Toronja,Comedy,9.0, (30),1h 9m
754,809. Him,Comedy,7.2, (21),1h 20m
755,811. Bonus Trip,Comedy,4.5, (224),1h 53m
756,812. Balas & Bolinhos: Só Mais uma Coisa,Comedy,6.3, (386),1h 53m
757,813. A Soweto Love Story,Comedy,4.4, (282),1h 41m
758,814. February,Comedy,8.9, (28),49m
759,815. Al otro barrio,Comedy,5.3, (74),1h 48m
760,816. The Premiere,Comedy,9.0, (11),1h 21m
761,817. Thekku Vadakku,Comedy,3.9, (305),2h 10m
762,818. Gekijô sôshûhen Bocchi the Rock! Re: Re:,Comedy,8.0, (97),1h 17m
763,"819. Io sono un po' matto, e tu?",Comedy,6.1, (11),1h 19m
764,820. L'heureuse élue,Comedy,5.4, (229),1h 31m
765,821. Sin instrucciones,Comedy,6.6, (75),1h 39m
766,"822. Silent Night, Bloody Night 3: Descent",Comedy,3.5, (180),1h 40m
767,823. ReEmigrantai 2,Comedy,6.8, (71),1h 35m
768,824. ¿Es el enemigo? La película de Gila,Comedy,6.7, (108),1h 40m
769,825. Kolpaçino 4 4'lük,Comedy,2.8, (2.1K),1h 38m
770,826. Love Unlike in K-Dramas,Comedy,7.3, (46),1h 58m
771,827. Portraits of Dangerous Women,Comedy,6.8, (51),1h 33m
772,828. Scotoe,Comedy,5.1, (393),1h 25m
773,829. Members Club,Comedy,4.7, (157),1h 30m
774,831. BhamaKalapam 2,Comedy,5.8, (272),2h 8m
775,832. El Roomie,Comedy,5.8, (304),1h 39m
776,833. Sevmek Yüzünden,Comedy,3.6, (626),1h 44m
777,834. Bandaa Singh Chaudhary,Comedy,6.3, (5.2K),1h 53m
778,835. Rob N Roll,Comedy,6.1, (1.5K),1h 38m
779,837. Roti Kapda Romance,Comedy,7.7, (2.5K),2h 33m
780,838. Kahan Shuru Kahan Khatam,Comedy,6.2, (3.1K),1h 47m
781,839. Lyubvi ne byvaet?,Comedy,5.5, (156),1h 45m
782,840. Yolki 11,Comedy,4.7, (167),1h 32m
783,841. Graveyard Shark,Comedy,3.3, (221),1h 37m
784,842. Hubba,Comedy,5.9, (1.1K),2h 15m
785,843. Soodhu Kavvum 2: Naatum Naatu Makkalum,Comedy,3.7, (200),2h 9m
786,844. The Desperate Chase,Comedy,5.5, (59),1h 50m
787,845. Türkler Çildirmis Olmali 2: Mavi Vatan,Comedy,2.2, (156),1h 40m
788,846. Living Large,Comedy,7.7, (109),1h 20m
789,847. Po ke wang zhe,Comedy,5.6, (85),1h 43m
790,"848. Aku Jati, Aku Asperger",Comedy,8.6, (16),1h 28m
791,849. Çilgin Dersane 5: Updated,Comedy,3.6, (26),1h 46m
792,850. Boxcutter,Comedy,8.4, (11),1h 33m
793,851. Al Leib Maa Al Eyal,Comedy,6.4, (16),2h 7m
794,852. Me contro Te: Cattivissimi a Natale,Comedy,2.5, (26),1h 9m
795,853. Matchmaking 2,Comedy,6.6, (65),1h 50m
796,854. Ame no naka no yokujô,Comedy,5.9, (70),2h 12m
797,855. Luv Ki Arrange Marriage,Comedy,3.9, (4.5K),2h 15m
798,856. Blood Mountain Massacre,Comedy,5.3, (38),1h 29m
799,858. El Hana El Ana Feeh,Comedy,5.7, (202),1h 43m
800,859. Tati Part Time,Comedy,6.2, (1.5K),1h 30m
801,860. Singapore Saloon,Comedy,6.0, (1.2K),2h 17m
802,862. Os Farofeiros 2,Comedy,5.7, (459),1h 44m
803,864. The French Italian,Comedy,6.5, (45),1h 32m
804,865. Sleep with Your Eyes Open,Comedy,5.9, (105),1h 37m
805,866. Vishesham,Comedy,6.7, (1.4K),2h 16m
806,867. 50 km/h,Comedy,6.1, (579),1h 50m
807,868. Cortina Express,Comedy,5.2, (140),1h 42m
808,869. Pavi Caretaker,Comedy,5.1, (2.8K),2h 30m
809,870. Jamalaye Jibonto Bhanu,Comedy,7.6, (57),2h 9m
810,871. Jeff Dunham's Scrooged-Up Holiday Special,Comedy,6.1, (352),59m
811,872. Gaganachari,Comedy,6.9, (1.1K),1h 55m
812,873. Aaram Aravinda Swamy,Comedy,9.4, (329),2h 12m
813,874. Baba Yaga spasaet Novyy god,Comedy,4.4, (116),1h 39m
814,876. Fûto Tantei: Kamen Rider Skull no Shôzô,Comedy,7.4, (38),1h 22m
815,877. L'amore e altre seghe mentali,Comedy,5.3, (173),1h 28m
816,879. I Hate Myself and Want to Die,Comedy,8.8, (13),1h 25m
817,880. La storia del Frank e della Nina,Comedy,7.6, (61),1h 45m
818,881. Bidurbhai,Comedy,9.2, (379),2h 28m
819,882. Pee Nak 4,Comedy,4.8, (398),1h 55m
820,883. Veda Partisi,Comedy,6.4, (34),1h 35m
821,884. Klaus & Barroso,Comedy,5.6, (1.3K),1h 27m
822,885. Veeranjaneyulu Vihara Yatra,Comedy,8.7, (2.2K),2h 10m
823,886. Steal the Naughty List,Comedy,6.5, (117),1h 30m
824,887. Broken Promises 5 Vengeance,Comedy,8.9, (70),2h 6m
825,888. Bad Director,Comedy,5.2, (82),2h 11m
826,889. Lambran Da Laana,Comedy,6.1, (38),2h 10m
827,890. Future Date,Comedy,5.6, (124),1h 22m
828,891. Les indociles,Comedy,4.3, (150),1h 17m
829,892. Father's Haunted House,Comedy,5.9, (298),1h 33m
830,893. A Vilã das Nove,Comedy,6.7, (77),1h 43m
831,"894. Die Heinzels: Neue Mützen, Neue Mission",Comedy,6.4, (83),1h 16m
832,895. Férias Trocadas,Comedy,5.5, (162),1h 37m
833,897. Paul & Paulette take a bath,Comedy,7.7, (58),1h 49m
834,898. Sur un fil,Comedy,6.6, (69),1h 56m
835,899. I Not Stupid 3,Comedy,6.5, (216),2h 12m
836,901. Un monde merveilleux,Comedy,7.5, (16),1h 18m
837,902. Daghabaaz Dil,Comedy,6.5, (70),2h 3m
838,903. The Million Dollar Bet,Comedy,7.6, (19),1h 30m
839,905. Lobola Man,Comedy,4.6, (201),1h 48m
840,906. Frendo,Comedy,8.5, (183),2h 26m
841,907. Reine Mère,Comedy,5.3, (43),1h 33m
842,908. Spirit Riser,Comedy,6.7, (33),1h 38m
843,909. Sal Vulcano: Terrified,Comedy,7.1, (104),1h 11m
844,910. Estômago II: O Poderoso Chef,Comedy,5.8, (321),2h 11m
845,912. Birds Flying East,Comedy,5.8, (565),1h 40m
846,913. U Pana Boga w Królowym Moscie,Comedy,4.2, (144),2h 12m
847,914. The Gesuidouz,Comedy,6.8, (53),1h 33m
848,915. Yumiui Sepodeul Deo Mubi,Comedy,6.2, (49),1h 33m
849,916. Panchayat Jetty,Comedy,5.0, (665),2h 19m
850,917. Ici et là-bas,Comedy,5.3, (257),1h 30m
851,918. K3 en Het Lied van de Zeemeermin,Comedy,6.2, (48),1h 44m
852,919. Scrambled,Comedy,7.8, (15),1h 16m
853,921. Joli joli,Comedy,6.1, (85),1h 56m
854,922. Megdan: Between Water and Fire,Comedy,5.4, (721),1h 46m
855,923. Mükemmel Aile,Comedy,6.1, (11),1h 27m
856,926. Tezgah,Comedy,5.4, (80),1h 40m
857,928. Luottomies-elokuva: All In,Comedy,6.0, (965),1h 33m
858,929. Double Blended,Comedy,5.6, (53),1h 27m
859,930. Amar Prem Ki Prem Kahani,Comedy,4.4, (637),1h 57m
860,931. Om Bheem Bush,Comedy,5.6, (1.1K),2h 30m
861,932. Ramnagar Bunny,Comedy,9.2, (2.4K),2h 28m
862,933. Teddiscare,Comedy,2.1, (160),1h 22m
863,934. Skinny Love,Comedy,8.3, (84),1h 32m
864,935. Verliefd op Bali,Comedy,5.1, (295),1h 53m
865,936. Tulang Belulang Tulang,Comedy,7.0, (44),1h 35m
866,937. Mind on kaks,Comedy,5.5, (129),1h 30m
867,938. Momma's Boy,Comedy,3.8, (48),1h 45m
868,939. Yo no soy esa,Comedy,4.9, (276),1h 35m
869,940. The Heirloom,Comedy,6.9, (41),1h 27m
870,941. Výjimecný stav,Comedy,5.2, (115),1h 41m
871,943. A Nice Jewish Boy,Comedy,6.2, (306),1h 29m
872,"944. Don't Cry, Butterfly",Comedy,6.4, (110),1h 37m
873,945. Face Off 7: One Wish,Comedy,7.3, (342),2h 18m
874,946. Bhale Unnade,Comedy,9.0, (3.1K),2h 17m
875,947. Snow Valley,Comedy,2.8, (339),1h 15m
876,948. Pochivkata,Comedy,6.2, (45),1h 51m
877,950. Thundu,Comedy,5.0, (903),2h 5m
878,951. Dreaming of Lions,Comedy,7.0, (26),1h 28m
879,953. Sous écrous,Comedy,5.4, (35),1h 51m
880,"954. LSD 2: Love, Sex Aur Dhokha 2",Comedy,3.8, (2.8K),1h 59m
881,955. Udan Chhoo,Comedy,7.6, (315),2h 14m
882,956. ED: Extra Decent,Comedy,6.3, (2K),2h 2m
883,957. Amiche mai,Comedy,6.9, (17),1h 30m
884,958. Akabane Honeko no Bodyguard,Comedy,5.9, (38),1h 57m
885,960. Cuerpo escombro,Comedy,4.8, (514),1h 35m
886,961. Massacre at Femur Creek,Comedy,7.2, (432),1h 22m
887,962. PT Sir,Comedy,6.8, (1.7K),2h 10m
888,963. Efsane,Comedy,5.1, (1.1K),1h 45m
889,964. Zénithal,Comedy,5.4, (79),1h 20m
890,965. December 31st Express,Comedy,6.7, (288),1h 25m
891,966. Falla girare 2,Comedy,5.3, (113),1h 43m
892,967. Alpacalypse,Comedy,5.7, (28),1h 17m
893,968. Un lío de millones,Comedy,6.0, (50),1h 31m
894,971. Zim Zim Ala Kazim,Comedy,3.5, (108),1h 40m
895,972. En tongs au pied de l'Himalaya,Comedy,6.0, (117),1h 33m
896,973. Konets Slavy,Comedy,5.5, (235),1h 35m
897,974. Re:Human,Comedy,5.8, (40),1h 48m
898,976. Harta Tahta Boru Ni Raja,Comedy,8.1, (26),1h 54m
899,978. Bhalle Padharya,Comedy,7.9, (142),1h 58m
900,979. The Legacy of Cloudy Falls,Comedy,7.0, (6),1h 41m
901,980. Kasada Parti,Comedy,2.2, (389),1h 30m
902,982. The Nut Farm,Comedy,7.9, (39),1h 31m
903,983. Reel Hard,Comedy,8.4, (12),1h 21m
904,984. Fortune Feimster: Crushing It,Comedy,6.9, (639),58m
905,985. Sei fratelli,Comedy,5.8, (142),1h 43m
906,987. Jeonde Raho Bhoot Ji,Comedy,5.3, (137),1h 52m
907,989. De Break-Up Club,Comedy,6.3, (187),1h 42m
908,990. Die Chaosschwestern und Pinguin Paul,Comedy,5.7, (66),1h 40m
909,991. Noche de bodas,Comedy,4.6, (225),1h 30m
910,992. Luigi's Mansion,Comedy,6.0, (17),1h
911,993. Abracadaver,Comedy,6.4, (100),1h 54m
912,994. Geethanjali Malli Vachindi,Comedy,4.9, (2.2K),2h 24m
913,995. Filthy Animals,Comedy,7.3, (91),1h 36m
914,996. Die Ironie des Lebens,Comedy,6.6, (70),1h 49m
915,997. My Zombabe,Comedy,5.1, (79),1h 45m
916,998. Parahuna 2,Comedy,6.7, (80),1h 55m
917,999. Ilana Glazer: Human Magic,Comedy,6.2, (304),55m
918,1000. Fakt Purusho Maate,Comedy,7.2, (270),2h 16m
919,1001. Bolshoe puteshestvie. Vokrug sveta,Comedy,5.7, (55),1h 25m
920,1002. Takintilar,Comedy,2.4, (978),1h 36m
921,1003. 2 Fingers Honey 2,Comedy,7.1, (93),1h 46m
922,1004. For Prophet,Comedy,5.5, (105),1h 45m
923,"1005. Kiss Me, Kate: The Musical",Comedy,7.7, (28),2h 41m
924,1006. Una Historia de Amor y Guerra,Comedy,5.8, (30),1h 51m
925,1007. Idiot Girls and School Ghost: School Anniversary,Comedy,7.3, (48),1h 30m
926,1008. Un altro ferragosto,Comedy,5.7, (615),1h 55m
927,1009. Mame snova 17,Comedy,5.5, (177),1h 48m
928,1010. Chicken Coop,Comedy,5.8, (88),1h 38m
929,1011. Brattt,Comedy,4.7, (67),1h 57m
930,1012. Christmas Overtime,Comedy,5.7, (24),1h 32m
931,1013. Bloody Beggar,Comedy,6.2, (4.4K),2h 14m
932,1014. We Ride at Dawn,Comedy,6.1, (643),50m
933,1015. Basken,Comedy,5.8, (64),1h 54m
934,1016. Håkan Bråkan 2,Comedy,5.3, (132),1h 32m
935,1017. Teasing Master Takagi-san Movie,Comedy,6.7, (295),1h 59m
936,1019. Isleen Pines,Comedy,5.2, (540),1h 24m
937,1020. Boda Love,Comedy,8.2, (14),1h 47m
938,1023. Best Man Dead Man,Comedy,6.9, (8),1h 23m
939,1024. Eine zweite Chance,Comedy,8.6, (40),1h 31m
940,1025. Artist Unknown,Comedy,8.9, (13),1h 22m
941,1026. Negeri Para Ketua,Comedy,8.7, (15),1h 46m
942,1027. Raju Yadav,Comedy,4.1, (193),2h 1m
943,1028. Michelle Buteau: A Buteau-ful Mind at Radio City Music Hall,Comedy,5.5, (378),1h 4m
944,1029. Letuchiy korabl,Comedy,3.8, (295),1h 40m
945,1030. Lump,Comedy,7.8, (10),1h 17m
946,1031. The Legend of Crick Foot,Comedy,5.4, (90),1h 23m
947,1032. Guy Manley: Super Spy,Comedy,4.4, (117),1h 32m
948,1033. Hitler,Comedy,5.2, (304),2h 8m
949,1034. Or Utopia,Comedy,5.7, (60),2h 9m
950,1035. Yamas!,Comedy,4.1, (86),1h 55m
951,1036. ¿Quién quiere casarse con un Astronauta?,Comedy,8.7, (12),1h 34m
952,1037. Pérez Rodríguez,Comedy,8.6, (39),1h 43m
953,1038. The Late Game,Comedy,4.6, (309),1h 25m
954,1039. Just a Couple of Days,Comedy,6.0, (205),1h 43m
955,1040. Zamora,Comedy,6.8, (372),1h 39m
956,1041. Intercambiadas,Comedy,6.4, (54),1h 37m
957,1042. Hrashwo Deergha,Comedy,7.9, (80),2h 30m
958,1044. The Mother and the Bear,Comedy,7.5, (27),1h 40m
959,1046. Nature Cat's Nature Movie Special Extraordinaire,Comedy,7.3, (18),53m
960,1047. Blue Star,Comedy,6.9, (1.5K),2h 46m
961,1048. Moshimo Tokugawa Ieyasu Ga Souridaijin Ni Nattara,Comedy,5.7, (33),1h 50m
962,1049. Marriage Mansion,Comedy,9.1, (23),Not Rated
963,1050. Gender Agenda,Comedy,5.6, (816),1h 15m
964,1051. Shanghai Story,Comedy,8.1, (57),1h 11m
965,1052. Vivekanandan Viralaanu,Comedy,3.8, (1.4K),2h 1m
966,1053. Gepack,Comedy,6.6, (360),1h 37m
967,1056. Love Game,Comedy,7.8, (31),1h 50m
968,1057. 3 Schmucks,Comedy,8.2, (154),1h 31m
969,1058. Saint Young Men: Holy Men vs Demon Army,Comedy,3.0, (13),1h 33m
970,1059. Jacqueline Novak: Get on Your Knees,Comedy,6.7, (851),1h 34m
971,1060. Topp 10 Möst,Comedy,7.4, (27),1h 30m
972,1061. Buscando a Coque,Comedy,5.4, (345),1h 30m
973,1062. Pad Gaye Pange,Comedy,8.1, (177),1h 58m
974,1063. Me Contro Te - Il film: Operazione Spie,Comedy,4.2, (50),1h 2m
975,1064. A Christmas Dream,Comedy,4.8, (51),1h 34m
976,1065. Djeda Mraz u Bosni,Comedy,7.0, (48),1h 26m
977,1066. Soft Love,Comedy,6.6, (35),1h 54m
978,1067. Grand Finale,Comedy,6.7, (126),2h 15m
979,1068. The Drop,Comedy,9.3, (67),1h 33m
980,1069. Pagpag 24/7,Comedy,4.4, (52),2h 10m
981,1070. All the Wrong Ingredients,Comedy,5.2, (75),1h 27m
982,1071. Buenas Chicas,Comedy,5.3, (164),2h
983,1072. Complotul Bonelor,Comedy,3.2, (336),1h 49m
984,1073. Shannon Matthews: The Musical - The Movie,Comedy,8.0, (177),1h 31m
985,1074. Neuilly-Poissy,Comedy,4.8, (142),1h 37m
986,1075. Kardes Takimi,Comedy,3.5, (553),1h 35m
987,1076. Krishnam Pranaya Sakhi,Comedy,7.4, (3.1K),2h 39m
988,1078. Operation War Thunder,Comedy,5.3, (116),1h 14m
989,1079. This Is the Goat!,Comedy,5.3, (284),1h 40m
990,1080. Elle & lui & le reste du monde,Comedy,5.7, (110),1h 25m
991,1081. Pui Pui Molcar the Movie: Molmax,Comedy,7.0, (9),1h 9m
992,1082. Bis Repetita,Comedy,5.8, (367),1h 26m
993,1084. Kuch Khattaa Ho Jaay,Comedy,5.5, (5K),2h 5m
994,1085. Santa Hunters,Comedy,5.8, (34),1h 37m
995,1086. My Redneck Neighbor: Chapter 1 - The Rednecks Are Coming,Comedy,5.0, (7),1h 14m
996,1088. Osomoy,Comedy,6.9, (449),2h 41m
997,1089. The Fall of 2008,Comedy,7.3, (10),1h 1m
998,1092. Pandasaurus,Comedy,3.4, (54),1h 18m
999,1093. A Hipster in Rural Spain,Comedy,4.5, (587),1h 37m
1000,1094. Martín García,Comedy,6.4, (14),1h 22m
1001,1095. The Grand Siege,Comedy,6.3, (58),1h 37m
1002,1096. Alone No More,Comedy,6.8, (78),1h 47m
1003,1097. Hot Spot,Comedy,7.3, (953),2h 2m
1004,1098. Kiyma: Orman Kanunlari,Comedy,4.3, (35),1h 21m
1005,1099. Double Tuckerr,Comedy,5.0, (1.2K),2h
1006,1103. Thookudurai,Comedy,4.4, (2.3K),2h 5m
1007,1104. Hawaii,Comedy,2.5, (259),1h 22m
1008,1105. Modal Nekad,Comedy,7.8, (90),1h 47m
1009,"1106. Nosotros, los De la Fe",Comedy,8.0, (52),1h 58m
1010,1107. Her Seyin Basi Merkür,Comedy,3.5, (148),1h 45m
1011,1109. Tu madre o la mía,Comedy,3.8, (136),1h 24m
1012,1110. Hunting Season 2,Comedy,4.3, (290),1h 30m
1013,1111. Could Have Waited for August,Comedy,6.2, (839),1h 52m
1014,1112. Fallen Fruit,Comedy,6.3, (50),1h 27m
1015,1113. Zbory OSBB,Comedy,6.9, (503),1h 30m
1016,1114. Bapu Ni Manda Mera,Comedy,5.8, (32),1h 38m
1017,1115. Askepote,Comedy,3.5, (80),1h 12m
1018,1116. Caras Vemos,Comedy,4.5, (127),1h 43m
1019,1117. Do I Shock U Like Lightning,Comedy,9.1, (23),1h 37m
1020,1118. Vaar Tahevaar,Comedy,8.0, (280),2h 7m
1021,1119. Duel in trei,Comedy,7.2, (66),1h 35m
1022,1120. Políticamente incorrectos,Comedy,5.1, (576),1h 30m
1023,1121. Fin de fiesta,Comedy,7.5, (59),1h 43m
1024,1123. Sign Here,Comedy,6.2, (244),1h 40m
1025,1124. Honeymoon Express,Comedy,8.4, (2.1K),1h 58m
1026,1125. Bairi,Comedy,7.0, (498),2h 20m
1027,1126. Elevator,Comedy,5.2, (127),1h 35m
1028,1127. Jatt Nuu Chudail Takri,Comedy,5.1, (3.9K),2h 35m
1029,1128. Once Upon a Time in Kochi,Comedy,7.2, (62),2h 5m
1030,1129. Solos en la noche,Comedy,5.7, (96),1h 28m
1031,1130. Ababooned,Comedy,6.5, (124),1h 34m
1032,1131. Lantrani,Comedy,5.1, (470),1h 39m
1033,1132. Jo Koy: Live from Brooklyn,Comedy,6.6, (759),59m
1034,1133. Nemlizade,Comedy,5.8, (132),1h 40m
1035,1134. That Kind of Love,Comedy,5.8, (303),2h 16m
1036,1135. I symmoria tis symforas,Comedy,6.3, (87),1h 54m
1037,1136. La Hayde Maske,Comedy,6.8, (18),1h 47m
1038,1139. Nothing Unusual,Comedy,9.7, (12),1h 32m
1039,1140. Fragments of Us,Comedy,7.8, (10),49m
1040,1142. Royal Façade,Comedy,8.5, (56),1h 35m
1041,1143. Pourquoi tu souris?,Comedy,5.7, (258),1h 36m
1042,1144. Our Folks: The Beginning,Comedy,5.4, (568),1h 58m
1043,1145. Die geschützten Männer,Comedy,5.4, (38),1h 44m
1044,1146. Mr Shudai,Comedy,9.2, (533),2h 33m
1045,1147. Dirty Laundry,Comedy,8.1, (16),1h 11m
1046,1148. Marlon Wayans: Good Grief,Comedy,6.1, (360),1h 8m
1047,1149. Uang Panai' 2 Maha(r)l,Comedy,7.7, (41),1h 46m
1048,1151. Royal Runaways,Comedy,6.9, (21),TV-PG
1049,1153. Poppay Ki Wedding,Comedy,8.8, (77),2h 7m
1050,1154. Chong jian tian ri,Comedy,6.8, (48),1h 45m
1051,1155. Torun Davasi,Comedy,3.5, (56),1h 52m
1052,1156. Wandafuru Purikyua! Za mubi! Doki Doki Game no Sekai de Daiboken,Comedy,6.8, (32),1h 11m
1053,1157. Lineman,Comedy,6.3, (60),2h 1m
1054,1158. Lula Leblanc,Comedy,6.9, (40),1h 36m
1055,1159. Upadhyaksha,Comedy,6.2, (367),2h 33m
1056,1160. Bed & Breakfast,Comedy,6.1, (205),1h 23m
1057,1161. This is Not a Christmas Movie,Comedy,6.2, (319),1h 45m
1058,1162. Chhakka Panja 5,Comedy,5.6, (77),2h 45m
1059,1163. 80 Plus,Comedy,7.1, (42),1h 35m
1060,1164. Look at Me,Comedy,5.9, (15),1h 27m
1061,1166. Maruthi Nagar Subramanyam,Comedy,8.4, (3.3K),2h 27m
1062,1168. Kundannoorile Kulsitha Lahala,Comedy,8.4, (282),2h 27m
1063,1169. Retro Therapy,Comedy,5.9, (54),1h 27m
1064,1170. BROKE. ALONE. A kinky love story,Comedy,5.8, (55),1h 35m
1065,1172. Bored Games,Comedy,3.9, (112),1h 16m
1066,1173. Good Luck,Comedy,8.9, (37),1h 47m
1067,1174. Amo-te Imenso,Comedy,5.8, (84),1h 27m
1068,1176. Un día en Culiacán,Comedy,6.6, (12),1h 45m
1069,1177. Mandira,Comedy,6.0, (993),2h 1m
1070,1178. Kale Lagan Chhe!?!,Comedy,7.3, (170),1h 55m
1071,1179. Babli,Comedy,6.8, (565),2h 14m
1072,1180. Trizombie,Comedy,7.4, (58),1h 22m
1073,1181. Underground Orange,Comedy,7.6, (60),1h 25m
1074,1182. Ducobu passe au vert!,Comedy,4.0, (130),1h 30m
1075,1183. Muxmäuschenstill X,Comedy,6.1, (16),1h 34m
1076,1184. East of Noon,Comedy,6.5, (37),1h 49m
1077,1185. Intention,Comedy,9.0, (53),46m
1078,1186. Yesterday After Tomorrow,Comedy,5.2, (313),2h
1079,1187. Just Now Jeffrey,Comedy,9.2, (57),2h
1080,1188. De Bellinga's: Pretpark op stelten,Comedy,3.1, (123),1h 10m
1081,1189. La scommessa - Una notte in corsia,Comedy,6.8, (27),1h 24m
1082,1191. Ni Main Sass Kuttni 2,Comedy,6.1, (1.3K),2h 5m
1083,1192. Traces of Love,Comedy,6.5, (906),1h 45m
1084,1193. Opa Cor,Comedy,5.9, (182),1h 26m
1085,1195. Chabuca,Comedy,6.7, (247),1h 53m
1086,1197. Pretty Boys,Comedy,5.4, (33),1h 7m
1087,1198. Easter Evil,Comedy,2.5, (149),1h 12m
1088,1199. Petta Rap,Comedy,4.2, (1.7K),2h 3m
1089,1200. Penguin Girl,Comedy,6.6, (13),1h 38m
1090,1201. L'àvia i el foraster,Comedy,7.3, (55),1h 55m
1091,1202. Greice,Comedy,7.0, (124),1h 50m
1092,1203. ¡Hasta la madre! De la navidad,Comedy,4.2, (364),1h 18m
1093,1204. Mi Perfecto Ex,Comedy,7.6, (19),1h 23m
1094,1205. Vidente por Acidente,Comedy,4.9, (73),1h 33m
1095,1206. Honey Money Phony,Comedy,6.2, (184),1h 55m
1096,1208. More na dvoikh,Comedy,5.5, (22),1h 22m
1097,1209. Amityville Bigfoot,Comedy,3.0, (141),1h 28m
1098,1210. Porch Pirates,Comedy,5.0, (102),1h 47m
1099,1211. Dicono di te,Comedy,4.1, (12),1h 30m
1100,1213. Mord,Comedy,6.8, (133),1h 24m
1101,1214. Dikkie Dik 2: Een Nieuwe Vriend voor Dikkie Dik,Comedy,7.4, (72),1h 10m
1102,1216. Lo carga el diablo,Comedy,7.6, (22),1h 33m
1103,1217. Wieczór kawalerski,Comedy,4.8, (436),1h 25m
1104,1218. Amityville Turkey Day,Comedy,2.9, (321),1h 34m
1105,1220. Foul Evil Deeds,Comedy,7.0, (32),1h 48m
1106,1221. Bratya,Comedy,2.8, (117),1h 43m
1107,1224. Cabaret Total,Comedy,7.8, (33),1h 30m
1108,1225. All's Fair in Love,Comedy,6.6, (17),1h 55m
1109,1226. Seni Memahami Kekasih,Comedy,8.0, (60),1h 31m
1110,1227. Family Padam,Comedy,7.0, (959),2h 11m
1111,1228. O nomos tou Merfy,Comedy,5.9, (105),2h 9m
1112,1229. Headwind,Comedy,5.5, (110),1h 31m
1113,1230. Al Eid Eiden,Comedy,5.8, (12),1h 50m
1114,1231. Day Trippers,Comedy,6.0, (15),1h 37m
1115,1232. Our Church Thinks We're Dating,Comedy,7.5, (59),1h 42m
1116,1234. Oru Sarkar Ulpannam,Comedy,8.7, (46),1h 55m
1117,1235. The Diarrhea Brothers Save the Day,Comedy,6.6, (112),1h 45m
1118,1236. Modest Male Exposure 2: I Dream of Genes,Comedy,8.7, (7),1h 36m
1119,1237. Gam Gam Ganesha,Comedy,5.3, (309),2h 20m
1120,1238. CHAAW: Chapter 3 - Christmas Time Is Here,Comedy,7.9, (475),1h 12m
1121,1240. Transilvanian Ninja,Comedy,4.5, (118),1h 30m
1122,1241. Too Many Christmases,Comedy,7.8, (460),1h 32m
1123,1242. Housekeeping,Comedy,6.0, (41),1h 38m
1124,1243. Sundaram Master,Comedy,6.2, (389),2h 2m
1125,1244. Glassmates,Comedy,9.0, (70),2h 6m
1126,1245. Alive in Mo...,Comedy,7.7, (21),1h 40m
1127,1247. Frka,Comedy,7.7, (74),1h 49m
1128,1248. Keluar Main 1994,Comedy,7.8, (50),1h 52m
1129,1249. Za slova otvechayu,Comedy,4.5, (67),1h 41m
1130,1251. Sthanarthi Sreekuttan,Comedy,7.8, (1.5K),2h 15m
1131,1252. Listy do M. Pozegnania i powroty,Comedy,5.9, (316),2h 3m
1132,1255. Tasty,Comedy,7.6, (72),1h 30m
1133,1256. Touched by Eternity,Comedy,6.0, (60),1h 35m
1134,1257. Miracle Mile,Comedy,8.7, (27),1h 22m
1135,1258. Teriyaan Meriyaan Hera Pheriyan,Comedy,6.7, (75),2h 5m
1136,1261. Sharkers,Comedy,4.1, (161),1h 28m
1137,1262. Gde nashi dengi?,Comedy,7.6, (10),1h 16m
1138,1263. Tom Papa: Home Free,Comedy,6.9, (477),1h 2m
1139,1265. Move Like a Boss,Comedy,2.7, (92),1h 33m
1140,1266. Fêlés,Comedy,5.3, (73),1h 31m
1141,1270. O Clube das Mulheres de Negócios,Comedy,4.8, (100),1h 35m
1142,1271. Mana Man,Comedy,4.7, (78),1h 43m
1143,1273. The Stork,Comedy,7.1, (8),1h 36m
1144,"1274. Step Back, Doors Closing",Comedy,9.0, (41),1h 38m
1145,1276. Neath's Love Story,Comedy,7.6, (52),1h 46m
1146,1277. Kamthaan,Comedy,6.7, (1.3K),2h 4m
1147,1279. Aile Çikmazi,Comedy,3.1, (145),1h 45m
1148,1282. Saint Nick,Comedy,5.1, (74),1h 31m
1149,1283. Manyunya. Priklyucheniya v derevne,Comedy,5.9, (117),1h 24m
1150,1284. El Precio de Educarlos,Comedy,6.1, (62),1h 30m
1151,1285. Gholhak,Comedy,2.7, (110),1h 44m
1152,1286. Prathibha Tutorials,Comedy,4.0, (117),1h 57m
1153,1287. Baba Beni Güldürsene,Comedy,7.6, (21),1h 45m
1154,1289. Kiralik Baba,Comedy,5.0, (17),1h 42m
1155,1290. Dave Attell: Hot Cross Buns,Comedy,7.1, (1K),40m
1156,1291. Game Changers,Comedy,4.7, (220),1h 18m
1157,1293. Gekijoban Doctor-X,Comedy,7.8, (48),2h 8m
1158,1297. Mallandro: O Errado que Deu Certo,Comedy,5.7, (153),1h 36m
1159,1301. Vithaikkaran,Comedy,4.6, (351),2h 8m
1160,1303. Tudo por um Pop Star 2,Comedy,5.7, (58),1h 14m
1161,1304. Yeni Hayat,Comedy,3.0, (32),2h 12m
1162,1305. BAM!,Comedy,6.9, (28),1h 20m
1163,1306. Goodbye Hamdi,Comedy,6.2, (8),1h 25m
1164,1307. Bootcut Balaraju,Comedy,4.0, (1.7K),2h 24m
1165,1308. Money No Enough 3,Comedy,6.0, (264),2h 18m
1166,1309. The Haunted Studio,Comedy,3.8, (179),1h 30m
1167,1310. The Satire,Comedy,7.0, (28),1h 25m
1168,1311. Good Guys Go to Heaven,Comedy,6.1, (137),1h 26m
1169,1312. Ordinary Things,Comedy,7.3, (66),1h 28m
1170,1313. Leydi Di,Comedy,2.4, (19),1h 53m
1171,1315. Povesti Moldovenesti,Comedy,9.0, (11),1h 44m
1172,1316. Satilik Degildir,Comedy,3.1, (25),1h 37m
1173,1317. Vidya Vasula Aham,Comedy,6.6, (92),1h 42m
1174,1318. Il Signore,Comedy,7.3, (73),1h 47m
1175,1321. Motu Patlu & The Race to the Diamond Valley,Comedy,7.8, (27),1h 12m
1176,1322. Brother,Comedy,6.2, (2.3K),2h 20m
1177,1323. Rocket Driver,Comedy,6.7, (1.2K),1h 43m
1178,1324. B4S: Truoc Gio Yeu,Comedy,5.7, (59),1h 37m
1179,1325. Scorned Waifu,Comedy,5.1, (11),2h 15m
1180,1327. Tratamos demasiado bien a las mujeres,Comedy,4.8, (253),1h 36m
1181,1329. Babu (No.1 Bullshit Guy),Comedy,8.2, (2K),2h 5m
1182,1330. Ci wei,Comedy,6.6, (674),1h 44m
1183,1331. Molière's Last Stage,Comedy,5.1, (104),1h 34m
1184,1332. Striking the Palace,Comedy,5.9, (267),1h 27m
1185,1334. Gecenin Nakarati,Comedy,7.3, (22),1h 44m
1186,1335. Echoes of Dreams,Comedy,7.6, (20),1h 20m
1187,1336. Kavej,Comedy,6.5, (116),1h 51m
1188,1337. Anyone Else But Me,Comedy,7.0, (153),1h 35m
1189,1338. Tô de Graça: O Filme,Comedy,4.6, (118),1h 35m
1190,1339. Oyunda Kal: Eglence Arenasi,Comedy,2.7, (35),1h 32m
1191,1340. Kanni,Comedy,8.5, (150),2h 2m
1192,1341. Paranoya,Comedy,8.7, (38),1h 58m
1193,1342. Le beau rôle,Comedy,6.9, (56),1h 24m
1194,1343. A Very Flattened Christmas,Comedy,6.1, (35),1h 35m
1195,1344. O Velho e a Espada,Comedy,7.6, (36),1h 3m
1196,1345. Couple in the Woods,Comedy,5.8, (30),1h 5m
1197,1346. Aumenta que é Rock'n'Roll,Comedy,7.1, (276),1h 52m
1198,1348. Super papa,Comedy,5.2, (117),1h 30m
1199,1349. Chal Bhajj Chaliye,Comedy,5.7, (135),2h 12m
1200,1350. Belle enfant,Comedy,5.8, (59),1h 42m
1201,1351. The Greatest Surf Movie in the Universe,Comedy,5.4, (8),1h 21m
1202,1352. Domovyonok Kuzya,Comedy,6.5, (813),1h 30m
1203,1353. Un paseo por el Borne,Comedy,7.3, (23),1h 52m
1204,1354. Oh My Ghost: The Finale,Comedy,7.7, (32),1h 52m
1205,1355. 10 Pasimatymu,Comedy,5.9, (25),1h 39m
1206,1356. Entra en mi Vida,Comedy,3.0, (104),1h 17m
1207,1357. Mud Key,Comedy,7.3, (27),1h 16m
1208,1358. Undying,Comedy,6.7, (13),26m
1209,1359. Itutumba ka ng tatay ko,Comedy,5.7, (29),1h 49m
1210,1361. Christmas in Lagos,Comedy,4.6, (172),2h
1211,1362. El verano mas largo del mundo,Comedy,7.5, (11),1h 20m
1212,1364. V de Victor,Comedy,5.2, (74),1h 40m
1213,1368. Maloney - Die ersten drei haarsträubenden Fälle,Comedy,6.7, (76),1h 38m
1214,1369. Surge of Power: Where There's Smoke,Comedy,6.5, (13),1h 8m
1215,1370. Flaminia,Comedy,5.3, (311),1h 38m
1216,1372. Shri Swapankumarer Badami Hyenar Kobole,Comedy,5.6, (324),2h 26m
1217,1376. Gally Gang Stars,Comedy,9.0, (2K),2h 37m
1218,1378. Viswam,Comedy,4.2, (635),2h 35m
1219,1380. Panchavalsarapadhathi,Comedy,4.3, (66),2h 3m
1220,1387. Table for Six 2,Comedy,5.4, (319),2h 13m
1221,1388. Zahradníkuv rok,Comedy,6.5, (171),1h 44m
1222,1389. Once Upon a Time in Indochine,Comedy,5.3, (11),1h 53m
1223,1390. Bantay-bahay,Comedy,4.6, (14),1h 26m
1224,1391. Life Hotel,Comedy,6.6, (153),1h 58m
1225,1392. A Christmas Storm,Comedy,6.5, (174),1h 30m
1226,1393. The Haunting of Lanquetot,Comedy,3.8, (9),1h 36m
1227,1394. Odin den v Stambule,Comedy,5.6, (211),1h 33m
1228,1395. Perra Vida,Comedy,5.4, (145),1h 47m
1229,1396. Guy Friends,Comedy,5.4, (23),1h 24m
1230,1397. Hiçbir Sey Normal Degil,Comedy,6.2, (64),1h 11m
1231,1398. Mezhdu nami,Comedy,5.1, (35),1h 33m
1232,1400. Hollywood Dreams,Comedy,8.5, (19),1h 39m
1233,1401. Hello My Beautiful Creatures,Comedy,6.8, (170),2h 22m
1234,1402. Vayasethrayaayi? Muppathiee..!!,Comedy,5.3, (431),2h 2m
1235,1403. The Trophy Bride,Comedy,6.2, (38),1h 52m
1236,1404. La gardav,Comedy,6.3, (54),1h 27m
1237,1405. Un Noël en famille,Comedy,4.3, (74),1h 33m
1238,1407. Operation Portugal 2 - La vie de chateau,Comedy,5.0, (123),1h 33m
1239,1408. Problem Toh Hai,Comedy,9.8, (38),2h 9m
1240,1411. Neprilichnye gosti,Comedy,6.4, (592),1h 23m
1241,1412. Scarpedicemente,Comedy,8.4, (34),1h 26m
1242,1413. DND Betches!,Comedy,8.4, (10),49m
1243,1414. Lion of Judah Legacy,Comedy,6.2, (70),1h 36m
1244,1415. Choke,Comedy,7.9, (19),1h 38m
1245,1418. Family Gbese,Comedy,4.5, (36),1h 28m
1246,1419. The Pickleball Murders,Comedy,4.8, (35),16+
1247,1420. Karaoké,Comedy,5.6, (148),1h 29m
1248,1423. Zyat,Comedy,4.3, (113),1h 20m
1249,1424. Gangs of Sukumara Kurup,Comedy,9.2, (55),1h 57m
1250,1425. Son Sans,Comedy,5.4, (10),1h 26m
1251,1426. Darshini,Comedy,8.8, (2.1K),2h
1252,1427. Voditel-oligarkh,Comedy,4.5, (351),1h 26m
1253,1428. Aflatoon,Comedy,7.8, (1K),2h 14m
1254,1429. On fait quoi maintenant?,Comedy,4.8, (76),1h 31m
1255,1430. Terrornet,Comedy,3.7, (84),1h 28m
1256,1432. Pare parecchio Parigi,Comedy,5.3, (362),1h 30m
1257,1436. Genis Aile 4: Cevahir & Ulvi,Comedy,7.0, (54),1h 30m
1258,1438. Nenormalnyy,Comedy,6.5, (151),1h 43m
1259,1440. Moorane Krishnappa,Comedy,7.5, (165),2h 21m
1260,1442. The Yoshi Movie,Comedy,7.7, (12),1h 45m
1261,1445. Last Defenders of Monogamy,Comedy,5.3, (386),1h 24m
1262,1446. Demetri Martin: Demetri Deconstructed,Comedy,6.8, (535),51m
1263,1447. Afacanlar Kampta,Comedy,4.5, (38),1h 24m
1264,1448. Expeditie Cupido,Comedy,3.8, (170),1h 45m
1265,1452. Happy Birthday to Me,Comedy,8.3, (88),1h 52m
1266,1453. Kismat,Comedy,5.3, (2.1K),2h 8m
1267,1455. Stalker,Comedy,3.0, (7),1h 31m
1268,1458. Rocky and Bullwinkle,Comedy,9.1, (12),1h 40m
1269,1459. Numéro 10,Comedy,5.4, (51),1h 31m
1270,1461. El Tiburón,Comedy,7.8, (5),1h 33m
1271,1463. Muri & Ko,Comedy,6.1, (44),1h 43m
1272,1464. Beyond the Lake,Comedy,5.6, (66),1h 38m
1273,1465. Saka Perawan,Comedy,5.1, (54),1h 31m
1274,1466. Hope's Hollywood Christmas,Comedy,8.9, (28),1h 30m
1275,1468. Svetlyachok,Comedy,7.4, (19),1h 52m
1276,1469. Huan ying lai dao wo shen bian,Comedy,7.2, (85),1h 42m
1277,1470. Topolinyy pukh,Comedy,5.4, (130),1h 23m
1278,1471. Neal Brennan: Crazy Good,Comedy,7.2, (1.4K),53m
1279,1473. Ne odna doma,Comedy,4.1, (80),1h 19m
1280,1474. Norbert(a),Comedy,5.3, (79),1h 29m
1281,1475. Guðaveigar,Comedy,7.0, (22),1h 36m
1282,1476. The Influencer,Comedy,4.5, (15),1h 29m
1283,1478. Call Me Agnes,Comedy,6.6, (16),1h 34m
1284,1480. Rosetta Stoned,Comedy,8.7, (19),1h 35m
1285,1481. Presque légal,Comedy,4.9, (61),1h 22m
1286,1482. Baik Punya Ah Long,Comedy,5.0, (75),2h 2m
1287,1484. Kaka Boss,Comedy,6.8, (453),2h 1m
1288,1485. Zvyozdy v Sibiri,Comedy,3.7, (88),1h 14m
1289,1486. Perumani,Comedy,5.8, (231),2h 17m
1290,1488. Spre punctul G,Comedy,6.1, (114),1h 24m
1291,1489. Degree Maila M.A 3rd Class,Comedy,6.2, (557),2h 31m
1292,1491. Gidersen Gitme,Comedy,3.0, (37),1h 38m
1293,1492. LOL Surprise! The Skate Dance Movie,Comedy,8.0, (14),1h
1294,1494. Kill the Children first,Comedy,7.8, (26),1h 46m
1295,1495. Cuadrilátero,Comedy,7.5, (8),1h 21m
1296,1497. Vstretimsya vchera,Comedy,6.4, (342),1h 19m
1297,1498. Hinter dem Eisernen Horizont,Comedy,7.8, (14),1h 28m
1298,1499. Juanpis González: The People's President,Comedy,5.9, (133),1h 31m
1299,1500. Maxxie LaWow: Drag Super-shero,Comedy,8.9, (56),1h 54m
1300,1501. Amici per caso,Comedy,6.1, (33),1h 35m
1301,1502. Advent,Comedy,7.5, (6),1h 59m
1302,1503. Come far litigare mamma e papà,Comedy,5.5, (93),1h 33m
1303,1506. Koresha,Comedy,3.0, (63),1h 26m
1304,1510. Nalla Perai Vaanga Vendum Pillaigale,Comedy,8.3, (572),1h 55m
1305,1512. Partiu América,Comedy,4.6, (242),1h 40m
1306,1513. Lyubov so vtorogo vzglyada,Comedy,4.8, (73),1h 37m
1307,1516. Indrani: Epic-1 Dharam vs Karam,Comedy,7.6, (1.1K),2h 37m
1308,1517. XXL,Comedy,5.3, (44),1h 17m
1309,1518. Ben and Suzanne: A Reunion in 4 Parts,Comedy,8.0, (22),1h 49m
1310,1519. Las Corredoras,Comedy,6.2, (32),1h 50m
1311,1520. Love Buzz,Comedy,6.5, (44),55m
1312,1523. Hidden Flora,Comedy,7.0, (17),1h 33m
1313,1524. My First Year Off Campus,Comedy,8.0, (20),1h 25m
1314,1525. Apollon by Day Athena by Night,Comedy,6.6, (13),1h 52m
1315,1527. Ruki vverkh!,Comedy,5.5, (248),1h 42m
1316,1528. Tschugger - Der Lätscht Fall,Comedy,8.1, (163),2h 27m
1317,1529. Draugu lazybos,Comedy,5.9, (271),1h 45m
1318,1531. Eksie Perfeksie,Comedy,6.3, (21),1h 43m
1319,1533. Welcome Wedding,Comedy,4.6, (33),2h
1320,1536. Passagrana,Comedy,6.5, (126),1h 40m
1321,1538. Ayo Balikan,Comedy,7.0, (27),1h 26m
1322,1543. Mike Epps: Ready to Sell Out,Comedy,5.4, (367),1h 1m
1323,1545. Franta mimozemstan,Comedy,4.8, (72),1h 38m
1324,1546. Ismo - maailman hauskin ulkopuolinen,Comedy,7.3, (95),1h 38m
1325,1548. Love in the Time of Corona,Comedy,4.1, (95),1h 40m
1326,1549. Double Engine,Comedy,5.6, (114),1h 46m
1327,1550. Ari-cassamortari,Comedy,4.7, (69),1h 51m
1328,"1551. De Repente, Miss!",Comedy,6.5, (78),1h 33m
1329,1552. Paranormal Cuma,Comedy,6.9, (10),2h 5m
1330,1553. Biz Ayrilamayiz,Comedy,3.7, (35),1h 47m
1331,1555. Manyunya. Priklyucheniya v Moskve,Comedy,5.8, (110),1h 27m
1332,1556. Anthony Rodia Totally Relatable,Comedy,5.9, (48),1h 17m
1333,1558. Malik Salah,Comedy,8.3, (21),1h 40m
1334,1561. Check Please,Comedy,8.9, (17),1h 22m
1335,1562. Where Elephants Go,Comedy,7.5, (47),1h 55m
1336,1563. Chhota Bheem and the Curse of Damyaan,Comedy,4.8, (2.3K),2h 25m
1337,1564. Heavens: The Boy and His Robot,Comedy,6.3, (22),1h 38m
1338,1565. Tur s Ivanushkami,Comedy,5.3, (158),1h 51m
1339,1567. Jama,Comedy,6.3, (16),1h 11m
1340,1568. Son Bir Tatil,Comedy,3.2, (10),2h 4m
1341,1569. Eternal Playground,Comedy,6.3, (81),1h 23m
1342,1571. Cici Anne,Comedy,3.9, (40),2h 10m
1343,1572. Kunwarapur,Comedy,9.3, (205),2h 15m
1344,1574. Paarijathaparvam,Comedy,7.5, (2.3K),2h 13m
1345,1575. Puang Bos!,Comedy,8.0, (9),1h 40m
1346,1576. Pulp Modern: Die Laughing,Comedy,8.2, (90),1h 23m
1347,1577. Zui hou yi quan,Comedy,5.6, (15),1h 47m
1348,1578. Dong wu yuan li you shen me?,Comedy,4.3, (33),1h 36m
1349,1579. Chor Chor,Comedy,9.4, (187),2h 7m
1350,1581. Reeza GTR,Comedy,7.4, (14),1h 31m
1351,1582. Mahajatra,Comedy,7.4, (269),2h 40m
1352,1588. Micha denkt groß,Comedy,5.4, (119),1h 28m
1353,1589. Osobennosti natsionalnoy bolnitsy,Comedy,4.0, (43),1h 18m
1354,1590. Poklad,Comedy,4.5, (36),1h 40m
1355,1592. El Duro,Comedy,5.4, (14),1h 30m
1356,1594. Pattaapakal,Comedy,2.7, (221),1h 44m
1357,1596. Achilles Curse and the Curse of Treasure,Comedy,7.4, (25),2h 5m
1358,1597. Welcome to Fatbelly's,Comedy,7.8, (7),1h 37m
1359,1598. A Postcard from Rome,Comedy,7.3, (161),1h 28m
1360,1599. Dragons on the Hill,Comedy,4.6, (50),1h 20m
1361,1604. The Cliche,Comedy,6.9, (11),1h 58m
1362,1605. Opportunity,Comedy,8.9, (91),1h 36m
1363,"1606. 7 dney, 7 nochey",Comedy,6.5, (403),1h 38m
1364,1607. Kyllä isä osaa -elokuva,Comedy,5.3, (488),1h 28m
1365,1614. De Dans van Natasja,Comedy,6.8, (43),1h 42m
1366,1615. Chinatown Chacha,Comedy,5.1, (55),1h 43m
1367,1617. La reina del convento,Comedy,3.3, (47),1h 24m
1368,1618. Alibaba Aani Chalishitale Chor,Comedy,5.8, (145),2h 5m
1369,1619. Canta Y No Llores,Comedy,4.5, (76),1h 30m
1370,1620. Ajab Gajab Dhamal,Comedy,5.2, (45),2h 21m
1371,1623. Les cadeaux,Comedy,5.1, (48),1h 24m
1372,1624. Felicia Madison: Better Than Sex,Comedy,4.6, (28),48m
1373,1628. Influenza,Comedy,4.0, (30),1h 38m
1374,1633. Mendung tanpo udan,Comedy,6.0, (23),1h 41m
1375,1635. Hum Tum Aur Woo,Comedy,8.6, (15),1h 40m
1376,1636. Lail Nahar,Comedy,4.3, (119),1h 50m
1377,1638. Ingiliz Anahtari: Recep Usta,Comedy,7.4, (26),1h 38m
1378,1640. Love and Work,Comedy,7.0, (13),1h 14m
1379,1643. Fire Supply,Comedy,6.5, (14),2h 45m
1380,1644. Waning Poetic,Comedy,8.4, (11),1h 33m
1381,1645. The Resellers,Comedy,8.0, (14),1h 43m
1382,1646. Rajakaran Gela Mishit,Comedy,6.2, (7),2h 2m
1383,1647. Swimming in a Sand Pool,Comedy,5.7, (45),1h 26m
1384,1648. Fanzo Movie,Comedy,7.9, (10),1h 44m
1385,1649. Prázdniny s Brouckem,Comedy,5.4, (127),1h 27m
1386,1652. Apaixonada,Comedy,4.3, (134),1h 35m
1387,1653. Operation Wakaliga: Fate and Blood,Comedy,6.7, (11),1h 6m
1388,1656. Molotov Cocktail,Comedy,3.5, (10),1h 46m
1389,1658. Worst of Woke Awards 2024,Comedy,5.2, (25),1h 53m
1390,1660. Uruku Patela,Comedy,6.7, (913),2h 2m
1391,1662. Pasutri Gaje,Comedy,6.0, (332),1h 49m
1392,1664. Bienvenidos al paraíso,Comedy,4.8, (22),1h 40m
1393,1666. For Regn,Comedy,3.8, (560),2h 20m
1394,1668. Swargarath,Comedy,7.5, (51),1h 35m
1395,1671. Aaichya Gavat Marathit Bol,Comedy,7.1, (59),1h 56m
1396,1672. Stock Shark,Comedy,7.0, (54),47m
1397,1676. Los De La Culpa,Comedy,6.2, (30),1h 30m
1398,1677. Para Nerede,Comedy,2.8, (43),1h 55m
1399,1680. Sleaze Please: The World of Bill Margold,Comedy,6.7, (15),54m
1400,1681. Konjam Pesinaal Yenna,Comedy,7.1, (66),1h 52m
1401,1682. The Hutong Cowboy,Comedy,5.3, (94),1h 53m
1402,1683. Adrienne Iapalucci: The Dark Queen,Comedy,6.5, (306),52m
1403,1684. Migawari Mission,Comedy,6.4, (53),1h 59m
1404,1685. Happy Dragons,Comedy,4.9, (9),1h 37m
1405,1689. Tom and Jerry,Comedy,7.4, (1K),1h 51m
1406,1691. Ricomincio da TAAAC,Comedy,5.6, (279),1h 38m
1407,1692. Sovsem oshaleli,Comedy,4.1, (59),1h 33m
1408,1693. Front Row,Comedy,7.1, (18),1h 26m
1409,1694. Una película barata,Comedy,6.3, (84),1h 3m
1410,1698. Semeynyy perepolokh,Comedy,4.9, (60),1h 27m
1411,1700. Pushpaka Vimana,Comedy,5.6, (16),2h 17m
1412,1706. Alaap,Comedy,6.1, (115),2h 25m
1413,1708. Lolipop Gang,Comedy,3.6, (6),1h 30m
1414,1710. The Max Gang,Comedy,5.3, (16),1h 45m
1415,1713. Froggie,Comedy,7.4, (12),1h 30m
1416,1715. Ext. Masina. Noapte,Comedy,5.0, (81),1h 13m
1417,1716. Road Trip,Comedy,6.2, (120),1h 48m
1418,"1718. Reir, cantar, tal vez llorar",Comedy,6.1, (41),1h 15m
1419,1719. Face Boy,Comedy,7.9, (14),1h 16m
1420,1720. The Love Buzz,Comedy,5.7, (161),1h 40m
1421,1721. Succede anche nelle migliori famiglie,Comedy,4.1, (200),1h 17m
1422,1723. Iron Nest of the Moon,Comedy,7.6, (13),1h 10m
1423,1725. Wo cai bu yao he ni zuo peng you ne,Comedy,6.0, (65),2h 5m
1424,1728. Cinema Pichodu,Comedy,9.5, (91),2h 13m
1425,1729. Dünya Evi,Comedy,4.0, (48),1h 45m
1426,1730. Uralochka,Comedy,3.7, (95),1h 35m
1427,1731. Bubbly Bindaas,Comedy,8.5, (7),2h 7m
1428,"1732. One Day League: Dead Mother, Dead All",Comedy,8.3, (7),1h 31m
1429,1733. Bernadette will töten,Comedy,7.3, (7),1h 33m
1430,1734. Getaway,Comedy,8.6, (11),Not Rated
1431,1735. Powerball,Comedy,9.7, (8),1h 6m
1432,1737. Los Justos,Comedy,6.4, (74),1h 19m
1433,1738. Viva a Vida,Comedy,6.6, (22),1h 39m
1434,1739. Brain Tumor,Comedy,3.8, (49),1h 16m
1435,1741. Inheritance to Love,Comedy,9.2, (33),1h 28m
1436,1745. Lyubov zla,Comedy,6.3, (397),1h 23m
1437,1746. Cingene Kizi Zeugma,Comedy,4.7, (7),1h 45m
1438,1747. Namo,Comedy,8.3, (3.1K),2h 4m
1439,1748. Saideira,Comedy,5.4, (39),1h 52m
1440,1750. Kadin Kafasi,Comedy,3.7, (26),1h 33m
1441,1751. Mezhdu nami leto,Comedy,5.7, (55),1h 53m
1442,1752. Trip-Tych,Comedy,6.9, (28),1h 20m
1443,1753. Chappelle's Home Team: Donnell Rawlings - A New Day,Comedy,5.7, (238),40m
1444,1757. Larry Dean: Fudnut,Comedy,6.7, (32),54m
1445,1759. Fallen from the Truck,Comedy,4.8, (104),1h 29m
1446,1760. Love Live! Nijigasaki High School Idol Club Final Chapter Part 1,Comedy,7.3, (13),59m
1447,1761. Mirg,Comedy,6.3, (35),1h 23m
1448,1763. Sal-e Gorbeh,Comedy,3.3, (372),1h 44m
1449,1764. Eppura,Comedy,8.8, (461),1h 49m
1450,1766. Dois é Demais em Orlando,Comedy,5.4, (111),1h 30m
1451,1767. Kulturnaya komediya,Comedy,5.3, (84),1h 35m
1452,1768. Real Estate Sisters,Comedy,4.8, (17),1h 24m
1453,1770. Pailam Pilaga,Comedy,9.0, (852),2h 5m
1454,1775. SottoCoperta,Comedy,7.7, (81),1h 36m
1455,1780. Mr. Easy Loo,Comedy,8.3, (8),1h 24m
1456,1781. O Procedimento,Comedy,8.5, (47),12m
1457,1782. UnichtoZhanna,Comedy,3.3, (51),1h 38m
1458,1786. Ba Ba shi wai xing ren,Comedy,8.0, (19),1h 36m
1459,1787. Masthu Shades Unnai Ra,Comedy,7.1, (2.2K),2h 22m
1460,1788. Don't Be Embarrassed 2,Comedy,3.3, (237),1h 35m
1461,1789. Our Christmas House,Comedy,5.5, (46),1h 17m
1462,1790. The Roast of John Cleese,Comedy,5.2, (30),1h 12m
1463,1791. Bar MoskvaChiki,Comedy,5.2, (101),1h 31m
1464,1792. Kundala Puranam,Comedy,4.3, (157),2h 2m
1465,1794. Vovó Ninja,Comedy,5.2, (21),1h 36m
1466,1795. Tochka opory,Comedy,8.2, (5),1h 41m
1467,1796. Víctor Presidente,Comedy,7.9, (7),1h 25m
1468,1800. Sharma & Ambani,Comedy,9.1, (183),1h 44m
1469,1803. Local Sarakku,Comedy,4.4, (2.2K),2h 13m
1470,1804. 14 Days to Feel Better,Comedy,5.1, (250),1h 30m
1471,1805. Kattis Gang,Comedy,8.2, (403),2h 24m
1472,1808. Pension Dalal,Comedy,4.4, (27),1h 43m
1473,1809. Nato con la camicia,Comedy,4.8, (11),1h 34m
1474,1810. Un mal día lo tiene cualquiera,Comedy,5.1, (235),1h 18m
1475,1811. Novyy god v Beryozovke,Comedy,7.1, (99),1h 34m
1476,1812. iKHlaas,Comedy,8.1, (16),50m
1477,1814. Prisoner Trump: The Don of Cell Block B,Comedy,4.9, (21),1h 27m
1478,1816. Arjen Lubach: Strijder,Comedy,7.3, (13),1h 30m
1479,1817. Conte nuptial,Comedy,6.1, (9),1h 13m
1480,1818. Hayatimiz Roman,Comedy,5.2, (10),1h 45m
1481,1821. SDL A Batalha Musical,Comedy,7.3, (41),1h 42m
1482,1822. Bob a Bobek ve filmu: Na stope Mrkvojeda,Comedy,8.7, (18),1h 20m
1483,1823. Pool & Party,Comedy,2.7, (235),1h 30m
1484,1824. Oflu Hoca 4,Comedy,5.0, (28),1h 34m
1485,1826. Melodate,Comedy,6.2, (17),1h 38m
1486,1827. Tan-Ti-Ana,Comedy,6.0, (25),1h 35m
1487,1828. Naale Rajaa Koli Majaa,Comedy,9.0, (10),1h 31m
1488,"1829. Mind, Body & Soul",Comedy,7.5, (14),1h 20m
1489,1830. The Uncertainty Principle,Comedy,7.9, (10),1h 29m
1490,1831. Sao hei · Jue bu fang qi,Comedy,5.5, (94),1h 55m
1491,1832. Ma part de Gaulois,Comedy,5.7, (49),1h 31m
1492,1834. The Sweet Life,Comedy,5.4, (58),1h 41m
1493,1835. Petualangan Anak Penangkap Hantu,Comedy,6.0, (25),1h 39m
1494,1840. My Cannibal Crush,Comedy,6.3, (12),50m
1495,1843. Los Mecánicos 2,Comedy,8.1, (8),1h 52m
1496,1844. Home Tour - A Bachelor Party,Comedy,9.5, (62),1h 25m
1497,1845. Ya Boy Kongming! Road to Summer Sonia,Comedy,7.5, (39),1h 59m
1498,1847. Brian Simpson: Live from the Mothership,Comedy,7.1, (375),1h 10m
1499,1848. Bring Me Home,Comedy,6.5, (44),1h 23m
1500,1850. Raja 420,Comedy,6.1, (21),1h 21m
1501,1851. Mansarra,Comedy,7.7, (20),2h 18m
1502,1853. Don Zhuan iz Zhashkova,Comedy,5.2, (61),2h
1503,1861. And Through the Portal We Go,Comedy,7.4, (10),1h 23m
1504,1864. Natvar Urfe NTR,Comedy,9.1, (10),2h 23m
1505,1865. Gandriz Vecpuisis,Comedy,5.9, (61),1h 31m
1506,1868. Güle-Güle,Comedy,6.2, (7),1h 58m
1507,1870. A Danfo Christmas,Comedy,3.8, (52),2h
1508,1872. Corridor,Comedy,6.0, (9),1h 48m
1509,1874. Just Pass,Comedy,6.6, (210),2h 16m
1510,1875. I Want You to Panic!,Comedy,9.8, (6),1h 5m
1511,1876. Langha Phobia,Comedy,8.7, (11),2h 11m
1512,1877. The 9th Movie,Comedy,5.9, (70),1h 8m
1513,1880. Pink Butterfly,Comedy,5.7, (55),1h 49m
1514,1881. The Director's Cut,Comedy,4.3, (15),1h 22m
1515,"1882. Hello, Welcome",Comedy,6.7, (12),1h 25m
1516,1884. Iyer in Arabia,Comedy,6.0, (744),2h 20m
1517,1886. Dead Fun,Comedy,8.9, (10),1h 1m
1518,"1891. ¿Ahora Somos 3? Sí, Mi Amor",Comedy,4.9, (19),1h 35m
1519,1892. Fainéant.e.s,Comedy,6.1, (57),1h 43m
1520,1894. Market Mahalakshmi,Comedy,4.2, (2.3K),2h 13m
1521,"1897. Baby boom, or Eggnog 5",Comedy,3.7, (155),1h 27m
1522,1901. Öldüm Bittim,Comedy,6.4, (6),1h 30m
1523,1902. We Love Bad Boys,Comedy,1.2, (3K),2h 9m
1524,1907. 100 di questi anni,Comedy,7.2, (6),1h 30m
1525,1910. Just a Minute,Comedy,8.7, (2K),1h 28m
1526,1911. Vyberi menya,Comedy,5.0, (63),1h 27m
1527,1912. COMA,Comedy,9.5, (9),1h 20m
1528,1913. La Pura Vida,Comedy,8.9, (22),1h 29m
1529,1915. SangharshYoddha Manoj Jarange Patil,Comedy,2.3, (169),2h 29m
1530,1916. Amityville Webcam,Comedy,3.8, (15),1h 42m
1531,"1919. Sofa, So Good",Comedy,6.3, (15),1h 9m
1532,1920. Sonnenplätze,Comedy,6.5, (85),1h 33m
1533,1922. Click,Comedy,8.5, (1.1K),1h 50m
1534,1925. Vtroyom,Comedy,4.7, (62),1h 30m
1535,1928. Ranganayaka,Comedy,3.9, (70),2h 1m
1536,1929. Kallanmaarude Veedu,Comedy,9.4, (8),2h 11m
1537,1930. Abbabba,Comedy,8.5, (151),2h 27m
1538,1931. Çiftligimin Hanimi,Comedy,3.2, (44),1h 50m
1539,1932. Merz gegen Merz - Geheimnisse,Comedy,7.0, (69),1h 29m
1540,1933. Passion Project,Comedy,6.4, (17),1h 27m
1541,1934. Asalto al mayor,Comedy,6.2, (18),1h 50m
1542,1938. Bharathanatyam,Comedy,5.7, (1.6K),2h 49m
1543,1942. The Ballot Box,Comedy,6.9, (12),1h 33m
1544,1943. Puffing Iron,Comedy,8.0, (17),1h 38m
1545,1944. Husband for Sale,Comedy,5.1, (16),1h 30m
1546,1945. Dona Lurdes: O Filme,Comedy,5.7, (102),1h 30m
1547,1946. Dracu Ra,Comedy,5.4, (36),1h 46m
1548,1948. Vey Dharuvey,Comedy,6.5, (2.3K),2h 7m
1549,1949. Yashan yev Leonid Brezhnevy,Comedy,8.0, (24),1h 40m
1550,1956. The Worst Love Story Ever,Comedy,8.3, (8),1h 20m
1551,1958. Neposlushniki,Comedy,4.9, (93),1h 48m
1552,1959. Papu mame zaverni,Comedy,3.6, (68),1h 46m
1553,1962. Rachel Feinstein: Big Guy,Comedy,6.5, (386),54m
1554,1963. Wu ming zhi huo,Comedy,5.8, (11),1h 40m
1555,1966. Bhooter Pallay Bhootnath,Comedy,9.5, (15),1h 50m
1556,1967. Por tus muertos,Comedy,3.3, (184),1h 34m
1557,1973. V banyu!,Comedy,5.1, (71),1h 39m
1558,1974. Removal of the Eye,Comedy,6.9, (8),1h 33m
1559,1975. Moyo sobache delo,Comedy,5.4, (43),1h 17m
1560,1976. YA - medved,Comedy,5.0, (61),1h 37m
1561,"1977. Fallen Leaves, Broken Lighters",Comedy,7.7, (7),1h 36m
1562,1979. Vidura BR: French Kiss Tunnel,Comedy,8.6, (7),1h 15m
1563,1980. I soliti idioti 3: Il ritorno,Comedy,4.8, (324),1h 40m
1564,1981. Adam i Eva,Comedy,5.1, (93),1h 35m
1565,1984. JAPA,Comedy,7.7, (16),1h 50m
1566,1986. Neath's Love Story 3,Comedy,6.4, (12),1h 40m
1567,1988. Geister,Comedy,6.5, (10),1h 22m
1568,1992. Doce Família,Comedy,5.2, (104),1h 30m
1569,1994. Lai dou lai le,Comedy,4.2, (38),1h 42m
1570,1995. The Filthy Frank Show Battle for the Omniverse,Comedy,9.7, (9),2h 21m
1571,1996. Mukidi,Comedy,5.9, (25),1h 31m
1572,1999. Scream: The Fan Favorite,Comedy,8.4, (16),49m
1573,2000. The Spirit Hunter,Comedy,4.3, (25),1h 42m
1574,2002. The Kills,Comedy,8.8, (9),1h 10m
1575,2004. Devojacko vece,Comedy,5.3, (28),1h 27m
1576,2006. Pelesenk Ailesi,Comedy,6.3, (34),1h 55m
1577,2007. Bu Tejo Sowan Jakarta,Comedy,6.3, (63),1h 33m
1578,2017. 2015: Future Uncertain,Comedy,6.9, (17),1h 12m
1579,2018. Ahir Shah: Ends,Comedy,6.2, (72),1h 1m
1580,2021. Odna doma. Velikolepnaya pyatyorka,Comedy,4.1, (39),1h 25m
1581,2022. Mortadella,Comedy,8.4, (6),1h 30m
1582,2025. Darkness Hunting,Comedy,5.8, (6),1h 12m
1583,"2029. Phil Wang: Wang in There, Baby!",Comedy,5.8, (236),1h 1m
1584,2032. Neath's Love Story 2,Comedy,7.3, (23),1h 28m
1585,2044. Black & White,Comedy,6.0, (8),1h 43m
1586,2046. Best Cop Ever,Comedy,4.3, (49),2h 2m
1587,2047. Kyle and the Last Emerald 2,Comedy,8.4, (7),15m
1588,2048. Non aprite quella bara,Comedy,6.5, (7),1h 36m
1589,2051. Start It Up,Comedy,5.8, (9),1h 56m
1590,2052. Chow Chow Bath,Comedy,7.2, (1.2K),1h 50m
1591,2053. A Wall Away,Comedy,5.0, (75),1h 30m
1592,2055. Licença para Enlouquecer,Comedy,7.8, (14),1h 35m
1593,2059. Parents for Christmas,Comedy,4.7, (46),1h 16m
1594,2060. 21 Numara: Askin Tadi,Comedy,4.7, (17),1h 36m
1595,2064. Julia tiene Sugar,Comedy,7.6, (8),1h 30m
1596,2065. Gintama the Movie 2D: Courtesan of the Nation Arc,Comedy,7.8, (5),1h 49m
1597,2066. The Hero's Journey aka My Life aka the Caleb Johnston Story (I'm Caleb),Comedy,7.0, (143),1h 39m
1598,2068. Fresh Off Markham,Comedy,7.0, (40),1h 25m
1599,2072. Prima del giorno dopo,Comedy,7.9, (74),1h 45m
1600,2074. Jak ukradlem 100 milionów,Comedy,3.4, (95),1h 30m
1601,2077. Combat Code: Hunt,Comedy,7.4, (17),1h 16m
1602,2078. Red Ollero: Mabuhay Is a Lie,Comedy,4.8, (63),1h 12m
1603,2083. +Cuñados,Comedy,5.3, (66),1h 29m
1604,2086. Govorit Zemlya!,Comedy,5.5, (44),1h 56m
1605,2089. Super Zindagi,Comedy,5.6, (142),2h 11m
1606,2090. Jerry,Comedy,8.7, (122),1h 56m
1607,2097. I Need Your Love,Comedy,8.9, (8),24m
1608,2099. Ramana Avatara,Comedy,8.1, (35),2h 16m
1609,2101. Langston Kerman: Bad Poetry,Comedy,6.7, (155),50m
1610,2103. Mikka Bannada Hakki,Comedy,8.9, (12),1h 30m
1611,2106. A Tuesday Wedding,Comedy,7.3, (21),1h 35m
1612,2110. Nenu Keerthana,Comedy,8.9, (2.1K),2h 35m
1613,2111. Pravo na levo,Comedy,3.7, (37),1h 28m
1614,2112. School Privada Alfonsina Storni,Comedy,7.3, (10),2h 8m
1615,2114. Khuzhe vsekh,Comedy,4.3, (31),1h 23m
1616,2116. Operatsiya «Kholodno»,Comedy,4.4, (53),1h 25m
1617,2117. Women Want Everything!,Comedy,3.7, (60),1h 30m
1618,2123. First Person Savior,Comedy,4.9, (12),1h 21m
1619,2125. Sneaking Around,Comedy,8.7, (22),1h 20m
1620,2126. Slightly New,Comedy,6.5, (67),1h 32m
1621,2130. Bitva pap,Comedy,4.4, (25),1h 19m
1622,2132. Xi sha,Comedy,5.7, (28),2h 8m
1623,2134. Adam Cayton-Holland: Wallpaper,Comedy,7.1, (16),49m
1624,2135. Yi xue qian chi,Comedy,5.2, (45),1h 55m
1625,2139. Goalstar - The Movie,Comedy,5.5, (37),1h 30m
1626,2143. Pro moyu mamu i pro menya,Comedy,8.0, (8),1h 44m
1627,2145. Mao pai te gong,Comedy,3.7, (8),1h 35m
1628,2152. Seetharam Sitralu,Comedy,8.3, (1K),1h 58m
1629,2153. Hazegras,Comedy,7.8, (6),55m
1630,2154. Timor,Comedy,8.5, (32),1h 28m
1631,2157. Tayna Chyornoy Ruki,Comedy,5.7, (23),1h 24m
1632,2158. Palacio Estilistas,Comedy,3.8, (29),1h 25m
1633,2160. Edvin Törnblom - Bögen är lös (i magen),Comedy,5.2, (14),1h 30m
1634,2163. Marigold,Comedy,8.9, (64),2h 7m
1635,"2168. Poymay sobaku, esli smozhesh",Comedy,3.5, (36),1h 36m
1636,2171. 2020,Comedy,7.5, (80),1h 27m
1637,2175. Príncipe Lu e a Lenda do Dragão,Comedy,4.2, (27),1h 30m
1638,2177. Tuesday's Trash,Comedy,7.5, (33),47m
1639,2180. Kak ya vstretil eyo mamu,Comedy,4.3, (41),1h 29m
1640,2181. A Very Bayou Holiday,Comedy,4.6, (10),1h 27m
1641,2182. Konchem Hatke,Comedy,8.8, (1.1K),2h
1642,2183. Obe dve,Comedy,5.1, (58),1h 36m
1643,2186. Cat's Luck,Comedy,6.0, (62),1h 48m
1644,2188. Cholay,Comedy,8.6, (56),1h
1645,2192. The Prep Room,Comedy,7.7, (6),1h 24m
1646,2194. Viejas Amigas,Comedy,5.6, (8),1h 22m
1647,2196. Hao Yun Lai,Comedy,2.9, (20),1h 47m
1648,2198. Velký Pán,Comedy,7.0, (8),1h 13m
1649,2201. Top Love: Só e Bem Acompanhado,Comedy,6.4, (5),1h 39m
1650,2203. Liebling Kreuzberg 2.0,Comedy,5.1, (50),1h 29m
1651,2209. Don't F with Pablo,Comedy,7.7, (8),1h 43m
1652,2218. Back to 2005,Comedy,8.3, (45),1h 28m
1653,2220. Mietaa,Comedy,6.5, (11),1h 14m
1654,2221. C'era una volta il Derby Club,Comedy,7.4, (16),1h 30m
1655,2224. Mr. Engineer and Miss Doctor,Comedy,5.4, (9),40m
1656,2230. Covid Boys,Comedy,7.0, (5),1h 20m
1657,2231. Balayi Olayi,Comedy,2.8, (42),1h 47m
1658,2233. La estrella que perdí,Comedy,7.3, (15),1h 39m
1659,2238. Keith Robinson: Different Strokes,Comedy,6.5, (193),53m
1660,2245. Da 'fan' pai,Comedy,3.9, (35),1h 39m
1661,2249. Subway Shark,Comedy,6.8, (29),49m
1662,2255. Snooker Man,Comedy,4.8, (62),1h 20m
1663,2257. The Ballad of Straw Hat Sam,Comedy,9.2, (10),45m
1664,2263. Lgunya,Comedy,4.8, (42),1h 26m
1665,2267. Chu men zai wai,Comedy,5.0, (16),1h 42m
1666,2276. The Holy Man Comeback,Comedy,4.3, (13),1h 40m
1667,2277. Give Me Babies,Comedy,6.7, (6),23m
1668,2281. Byvshiy v pomoshch,Comedy,5.0, (77),1h 30m
1669,2287. Kejarlah Janji,Comedy,6.4, (5),1h 47m
1670,2288. God Dam,Comedy,7.1, (8),1h
1671,2297. Ravike Prasanga,Comedy,7.8, (669),2h 32m
1672,2298. Omar v bolshom kino,Comedy,5.8, (26),1h 26m
1673,2300. You'll Be Hurt When I'm Done,Comedy,8.7, (8),16+
1674,2304. Uparwala & Sons,Comedy,9.2, (322),2h 6m
1675,2312. Curry Mee,Comedy,6.8, (21),2h 38m
1676,2314. Im Haus der alten Augustin,Comedy,8.3, (14),1h 48m
1677,2319. Because I Said So: Akintunde Warnock,Comedy,7.2, (7),1h 5m
1678,2320. Gap Lai Chi Bau,Comedy,5.6, (43),1h 54m
1679,2322. The Pushover,Comedy,4.3, (15),1h 3m
1680,2338. Liu mang qu mo shi,Comedy,5.3, (10),1h 44m
1681,"2339. Chill, Brudi",Comedy,1.6, (22),2h 15m
1682,2345. The Clashing Elements: Saviors of the Multiverse,Comedy,7.0, (8),1h 31m
1683,2347. Avassaladoras 2.0,Comedy,3.2, (27),1h 34m
1684,2349. Salam Gembira,Comedy,8.7, (14),1h 51m
1685,2355. GrimTrax,Comedy,8.7, (10),1h 2m
1686,2361. Rodnya,Comedy,7.7, (9),1h 39m
1687,2364. Gull Lake Vice II: The Delusion Continues,Comedy,8.2, (16),58m
1688,2365. Idu Entha Lokavayya,Comedy,6.6, (7),2h
1689,2367. Insta Series,Comedy,9.4, (18),2h 21m
1690,2368. Laxmi Vilas Lottery,Comedy,8.1, (8),1h 44m
1691,2380. Novogodnee chudo,Comedy,5.5, (14),1h 13m
1692,2382. Once Upon a Time in Spain,Comedy,7.4, (7),13+
1693,2385. Chicken Factory,Comedy,3.3, (23),2h 3m
1694,2402. Sergeant Pickle Breath and the Rooftop Warriors,Comedy,9.3, (14),1h 18m
1695,2412. A Christmas Reunion,Comedy,4.9, (11),1h 4m
1696,2425. Zen Fist,Comedy,7.2, (8),45m
1697,2427. Brahmachari,Comedy,8.8, (10),1h 52m
1698,2434. Plant Man,Comedy,7.2, (2K),2h 1m
1699,2454. Jellyfish,Comedy,9.4, (14),1h 49m
1700,2461. Korporatsiya Morozov,Comedy,5.5, (30),1h 23m
1701,2472. Gyakorlat teszi a mestert,Comedy,6.1, (15),46m
1702,2480. Someone Dies!,Comedy,7.3, (12),1h 26m
1703,2488. The Revenge of Wii Play 2: World War Wii,Comedy,9.5, (8),46m
1704,2495. Dao yan ni you bing,Comedy,4.5, (8),1h 38m
1705,2505. Kyle and the Last Emerald,Comedy,5.6, (17),20m
1706,2511. Otbrosy,Comedy,3.8, (33),1h 28m
1707,2521. Dak Dik Dos,Comedy,8.8, (9),1h 53m
1708,2523. Opasni shmatki,Comedy,5.2, (18),1h 32m
1709,2525. Making Kayfabe,Comedy,9.8, (14),44m
1710,2530. Killcon,Comedy,9.5, (14),31m
1711,2554. Selebryata,Comedy,3.8, (20),1h 33m
1712,2573. Cedo Demais,Comedy,4.3, (26),1h 30m
1713,2579. Nata Ratnalu,Comedy,6.3, (8),1h 58m
1714,2591. Iyus Jenius,Comedy,9.0, (7),1h 22m
1715,2598. Almost Sober Presented by Fattman Deezy,Comedy,9.5, (23),1h
1716,2621. Mumble: Fate of A Lost Icon,Comedy,9.5, (22),1h 3m
1717,2644. Waste Management,Comedy,7.0, (15),1h
1718,2661. Mahserin Üç Delisi,Comedy,5.9, (16),1h 18m
1719,2670. Malas Costumbres,Comedy,9.2, (14),1h 30m
1720,2673. Avantyura,Comedy,5.6, (16),1h 30m
1721,2685. Kitaura Kyoudai,Comedy,5.6, (10),1h 34m
1722,2699. Lattha Sadan,Comedy,7.5, (15),2h 5m
1723,2700. Bizim Köylü,Comedy,4.9, (15),1h 36m
1724,2719. Kan dao ling hun de na zhi yan shi gong,Comedy,3.3, (12),2h 4m
1725,2727. Bie ba zuo wen dang hui shi er,Comedy,7.2, (11),1h 29m
1726,2732. The Kingfish 2,Comedy,7.9, (10),1h 12m
1727,2748. Láska na zakázku,Comedy,3.0, (12),1h 22m
1728,2751. Thiago Ventura - Modo Efetivo,Comedy,6.1, (13),1h 38m
1729,2771. Leggende metropolitane,Comedy,4.6, (251),1h 28m
1730,2807. Extra Lucie,Comedy,8.6, (11),1h 10m
1731,2820. Cageling,Comedy,5.9, (8),1h 9m
1732,2823. Story Time with Devon,Comedy,9.0, (9),55m
1733,2941. Is University Really Worth It?,Comedy,5.2, (12),1h
1734,2949. The Canal Map of Britain,Comedy,6.8, (10),59m
1735,2958. JunoToons: Captain Chisel's News,Comedy,6.1, (23),2m
1736,2959. Mike Recine: I'm Normal,Comedy,6.9, (11),50m
